[
    {
        "jmhVersion" : "1.21",
        "benchmark" : "com.adobe.platform.core.identity.services.cosmosdb.client.benchmark.jmh.ReadBenchmark.lookupRoutingSingle",
        "mode" : "sample",
        "threads" : 1,
        "forks" : 1,
        "jvm" : "/usr/java/jdk1.8.0_181-amd64/jre/bin/java",
        "jvmArgs" : [
            "-Xmx8G"
        ],
        "jdkVersion" : "1.8.0_181",
        "vmName" : "Java HotSpot(TM) 64-Bit Server VM",
        "vmVersion" : "25.181-b13",
        "warmupIterations" : 1,
        "warmupTime" : "60 s",
        "warmupBatchSize" : 1,
        "measurementIterations" : 1,
        "measurementTime" : "300 s",
        "measurementBatchSize" : 1,
        "params" : {
            "cosmosClientType" : "ASYNC"
        },
        "primaryMetric" : {
            "score" : 1.5056795627009607,
            "scoreError" : 0.07519612739490467,
            "scoreConfidence" : [
                1.430483435306056,
                1.5808756900958654
            ],
            "scorePercentiles" : {
                "0.0" : 0.913408,
                "50.0" : 1.4336,
                "90.0" : 1.708032,
                "95.0" : 1.804288,
                "99.0" : 2.105344,
                "99.9" : 6.626656256000518,
                "99.99" : 26.94652231679344,
                "99.999" : 338.13962949230955,
                "99.9999" : 4504.682495999999,
                "100.0" : 4504.682495999999
            },
            "scoreUnit" : "ms/op",
            "rawDataHistogram" : [
                [
                    [
                        [ 0.913408, 1 ],
                        [ 0.9195519999999999, 1 ],
                        [ 0.922624, 1 ],
                        [ 0.9328639999999999, 1 ],
                        [ 0.9369599999999999, 1 ],
                        [ 0.939008, 1 ],
                        [ 0.940032, 2 ],
                        [ 0.9420799999999999, 1 ],
                        [ 0.945152, 1 ],
                        [ 0.9461759999999999, 1 ],
                        [ 0.9471999999999999, 1 ],
                        [ 0.948224, 2 ],
                        [ 0.9512959999999999, 1 ],
                        [ 0.953344, 2 ],
                        [ 0.954368, 1 ],
                        [ 0.9553919999999999, 1 ],
                        [ 0.958464, 2 ],
                        [ 0.9605119999999999, 1 ],
                        [ 0.96256, 1 ],
                        [ 0.963584, 2 ],
                        [ 0.9646079999999999, 1 ],
                        [ 0.9656319999999999, 2 ],
                        [ 0.966656, 1 ],
                        [ 0.96768, 2 ],
                        [ 0.968704, 1 ],
                        [ 0.9697279999999999, 2 ],
                        [ 0.971776, 2 ],
                        [ 0.9728, 1 ],
                        [ 0.9748479999999999, 2 ],
                        [ 0.975872, 1 ],
                        [ 0.976896, 1 ],
                        [ 0.9779199999999999, 4 ],
                        [ 0.979968, 1 ],
                        [ 0.980992, 3 ],
                        [ 0.982016, 4 ],
                        [ 0.9830399999999999, 2 ],
                        [ 0.9840639999999999, 3 ],
                        [ 0.985088, 1 ],
                        [ 0.986112, 2 ],
                        [ 0.9871359999999999, 4 ],
                        [ 0.9881599999999999, 1 ],
                        [ 0.989184, 5 ],
                        [ 0.990208, 3 ],
                        [ 0.991232, 1 ],
                        [ 0.9922559999999999, 5 ],
                        [ 0.9932799999999999, 1 ],
                        [ 0.994304, 3 ],
                        [ 0.995328, 4 ],
                        [ 0.9963519999999999, 5 ],
                        [ 0.9973759999999999, 3 ],
                        [ 0.9984, 5 ],
                        [ 0.999424, 5 ],
                        [ 1.000448, 3 ],
                        [ 1.001472, 4 ],
                        [ 1.002496, 2 ],
                        [ 1.00352, 4 ],
                        [ 1.0045439999999999, 5 ],
                        [ 1.005568, 5 ],
                        [ 1.006592, 5 ],
                        [ 1.0076159999999998, 3 ],
                        [ 1.00864, 4 ],
                        [ 1.009664, 3 ],
                        [ 1.010688, 2 ],
                        [ 1.011712, 7 ],
                        [ 1.0127359999999999, 4 ],
                        [ 1.01376, 5 ],
                        [ 1.014784, 4 ],
                        [ 1.015808, 9 ],
                        [ 1.016832, 7 ],
                        [ 1.0178559999999999, 6 ],
                        [ 1.01888, 8 ],
                        [ 1.019904, 9 ],
                        [ 1.020928, 2 ],
                        [ 1.021952, 9 ],
                        [ 1.0229759999999999, 8 ],
                        [ 1.024, 9 ],
                        [ 1.025024, 5 ],
                        [ 1.0260479999999998, 8 ],
                        [ 1.027072, 2 ],
                        [ 1.028096, 5 ],
                        [ 1.02912, 11 ],
                        [ 1.030144, 7 ],
                        [ 1.0311679999999999, 8 ],
                        [ 1.032192, 11 ],
                        [ 1.033216, 13 ],
                        [ 1.03424, 7 ],
                        [ 1.035264, 14 ],
                        [ 1.0362879999999999, 12 ],
                        [ 1.037312, 16 ],
                        [ 1.038336, 11 ],
                        [ 1.03936, 9 ],
                        [ 1.040384, 13 ],
                        [ 1.041408, 13 ],
                        [ 1.042432, 15 ],
                        [ 1.043456, 10 ],
                        [ 1.0444799999999999, 11 ],
                        [ 1.045504, 16 ],
                        [ 1.046528, 11 ],
                        [ 1.047552, 17 ],
                        [ 1.048576, 30 ],
                        [ 1.050624, 19 ],
                        [ 1.052672, 23 ],
                        [ 1.0547199999999999, 30 ],
                        [ 1.056768, 31 ],
                        [ 1.058816, 36 ],
                        [ 1.060864, 40 ],
                        [ 1.0629119999999999, 43 ],
                        [ 1.06496, 43 ],
                        [ 1.067008, 50 ],
                        [ 1.069056, 52 ],
                        [ 1.071104, 47 ],
                        [ 1.0731519999999999, 43 ],
                        [ 1.0752, 66 ],
                        [ 1.077248, 60 ],
                        [ 1.079296, 60 ],
                        [ 1.0813439999999999, 66 ],
                        [ 1.083392, 50 ],
                        [ 1.08544, 56 ],
                        [ 1.087488, 73 ],
                        [ 1.089536, 95 ],
                        [ 1.0915839999999999, 86 ],
                        [ 1.093632, 80 ],
                        [ 1.09568, 77 ],
                        [ 1.097728, 93 ],
                        [ 1.0997759999999999, 77 ],
                        [ 1.101824, 98 ],
                        [ 1.103872, 103 ],
                        [ 1.10592, 105 ],
                        [ 1.1079679999999998, 110 ],
                        [ 1.110016, 117 ],
                        [ 1.112064, 114 ],
                        [ 1.114112, 113 ],
                        [ 1.11616, 109 ],
                        [ 1.1182079999999999, 138 ],
                        [ 1.120256, 147 ],
                        [ 1.122304, 128 ],
                        [ 1.124352, 136 ],
                        [ 1.1263999999999998, 116 ],
                        [ 1.128448, 160 ],
                        [ 1.130496, 138 ],
                        [ 1.132544, 179 ],
                        [ 1.134592, 159 ],
                        [ 1.1366399999999999, 176 ],
                        [ 1.138688, 196 ],
                        [ 1.140736, 187 ],
                        [ 1.142784, 200 ],
                        [ 1.1448319999999998, 187 ],
                        [ 1.14688, 207 ],
                        [ 1.148928, 209 ],
                        [ 1.150976, 185 ],
                        [ 1.153024, 216 ],
                        [ 1.1550719999999999, 225 ],
                        [ 1.15712, 213 ],
                        [ 1.159168, 251 ],
                        [ 1.161216, 230 ],
                        [ 1.1632639999999999, 265 ],
                        [ 1.165312, 265 ],
                        [ 1.16736, 264 ],
                        [ 1.169408, 245 ],
                        [ 1.171456, 292 ],
                        [ 1.1735039999999999, 285 ],
                        [ 1.175552, 313 ],
                        [ 1.1776, 284 ],
                        [ 1.179648, 323 ],
                        [ 1.1816959999999999, 355 ],
                        [ 1.183744, 326 ],
                        [ 1.185792, 335 ],
                        [ 1.18784, 326 ],
                        [ 1.189888, 325 ],
                        [ 1.1919359999999999, 336 ],
                        [ 1.193984, 331 ],
                        [ 1.196032, 370 ],
                        [ 1.19808, 379 ],
                        [ 1.2001279999999999, 404 ],
                        [ 1.202176, 387 ],
                        [ 1.204224, 381 ],
                        [ 1.206272, 422 ],
                        [ 1.2083199999999998, 384 ],
                        [ 1.2103679999999999, 400 ],
                        [ 1.212416, 461 ],
                        [ 1.214464, 443 ],
                        [ 1.216512, 432 ],
                        [ 1.2185599999999999, 485 ],
                        [ 1.220608, 483 ],
                        [ 1.222656, 486 ],
                        [ 1.224704, 479 ],
                        [ 1.2267519999999998, 526 ],
                        [ 1.2288, 508 ],
                        [ 1.230848, 535 ],
                        [ 1.232896, 494 ],
                        [ 1.234944, 535 ],
                        [ 1.2369919999999999, 559 ],
                        [ 1.23904, 565 ],
                        [ 1.241088, 549 ],
                        [ 1.243136, 603 ],
                        [ 1.2451839999999998, 552 ],
                        [ 1.247232, 659 ],
                        [ 1.24928, 578 ],
                        [ 1.251328, 575 ],
                        [ 1.253376, 601 ],
                        [ 1.2554239999999999, 615 ],
                        [ 1.257472, 617 ],
                        [ 1.25952, 622 ],
                        [ 1.261568, 633 ],
                        [ 1.2636159999999999, 621 ],
                        [ 1.265664, 669 ],
                        [ 1.267712, 675 ],
                        [ 1.26976, 692 ],
                        [ 1.271808, 671 ],
                        [ 1.2738559999999999, 709 ],
                        [ 1.275904, 644 ],
                        [ 1.277952, 715 ],
                        [ 1.28, 698 ],
                        [ 1.2820479999999999, 709 ],
                        [ 1.284096, 702 ],
                        [ 1.286144, 758 ],
                        [ 1.288192, 698 ],
                        [ 1.2902399999999998, 799 ],
                        [ 1.2922879999999999, 757 ],
                        [ 1.294336, 783 ],
                        [ 1.296384, 794 ],
                        [ 1.298432, 801 ],
                        [ 1.3004799999999999, 831 ],
                        [ 1.302528, 790 ],
                        [ 1.304576, 822 ],
                        [ 1.306624, 787 ],
                        [ 1.3086719999999998, 803 ],
                        [ 1.3107199999999999, 794 ],
                        [ 1.312768, 883 ],
                        [ 1.314816, 824 ],
                        [ 1.316864, 847 ],
                        [ 1.3189119999999999, 784 ],
                        [ 1.32096, 858 ],
                        [ 1.323008, 813 ],
                        [ 1.325056, 868 ],
                        [ 1.3271039999999998, 840 ],
                        [ 1.329152, 876 ],
                        [ 1.3312, 879 ],
                        [ 1.333248, 887 ],
                        [ 1.335296, 853 ],
                        [ 1.3373439999999999, 902 ],
                        [ 1.339392, 866 ],
                        [ 1.34144, 953 ],
                        [ 1.343488, 886 ],
                        [ 1.3455359999999998, 845 ],
                        [ 1.347584, 930 ],
                        [ 1.349632, 828 ],
                        [ 1.35168, 926 ],
                        [ 1.353728, 887 ],
                        [ 1.3557759999999999, 916 ],
                        [ 1.357824, 907 ],
                        [ 1.359872, 973 ],
                        [ 1.36192, 881 ],
                        [ 1.3639679999999998, 974 ],
                        [ 1.366016, 875 ],
                        [ 1.368064, 942 ],
                        [ 1.370112, 902 ],
                        [ 1.37216, 974 ],
                        [ 1.3742079999999999, 928 ],
                        [ 1.376256, 903 ],
                        [ 1.378304, 923 ],
                        [ 1.380352, 962 ],
                        [ 1.3823999999999999, 879 ],
                        [ 1.384448, 924 ],
                        [ 1.386496, 926 ],
                        [ 1.388544, 904 ],
                        [ 1.3905919999999998, 903 ],
                        [ 1.3926399999999999, 955 ],
                        [ 1.394688, 966 ],
                        [ 1.396736, 886 ],
                        [ 1.398784, 946 ],
                        [ 1.4008319999999999, 937 ],
                        [ 1.40288, 947 ],
                        [ 1.404928, 922 ],
                        [ 1.406976, 978 ],
                        [ 1.4090239999999998, 951 ],
                        [ 1.4110719999999999, 966 ],
                        [ 1.41312, 885 ],
                        [ 1.415168, 947 ],
                        [ 1.417216, 868 ],
                        [ 1.4192639999999999, 986 ],
                        [ 1.421312, 923 ],
                        [ 1.42336, 924 ],
                        [ 1.425408, 879 ],
                        [ 1.4274559999999998, 909 ],
                        [ 1.4295039999999999, 883 ],
                        [ 1.431552, 904 ],
                        [ 1.4336, 871 ],
                        [ 1.435648, 898 ],
                        [ 1.4376959999999999, 835 ],
                        [ 1.439744, 962 ],
                        [ 1.441792, 843 ],
                        [ 1.44384, 852 ],
                        [ 1.4458879999999998, 888 ],
                        [ 1.447936, 838 ],
                        [ 1.449984, 859 ],
                        [ 1.452032, 805 ],
                        [ 1.45408, 894 ],
                        [ 1.4561279999999999, 803 ],
                        [ 1.458176, 843 ],
                        [ 1.460224, 900 ],
                        [ 1.462272, 881 ],
                        [ 1.4643199999999998, 862 ],
                        [ 1.466368, 849 ],
                        [ 1.468416, 842 ],
                        [ 1.470464, 793 ],
                        [ 1.472512, 793 ],
                        [ 1.4745599999999999, 887 ],
                        [ 1.476608, 792 ],
                        [ 1.478656, 826 ],
                        [ 1.480704, 790 ],
                        [ 1.4827519999999998, 860 ],
                        [ 1.4848, 788 ],
                        [ 1.486848, 762 ],
                        [ 1.488896, 775 ],
                        [ 1.4909439999999998, 756 ],
                        [ 1.4929919999999999, 798 ],
                        [ 1.49504, 802 ],
                        [ 1.497088, 805 ],
                        [ 1.499136, 759 ],
                        [ 1.5011839999999999, 748 ],
                        [ 1.503232, 694 ],
                        [ 1.50528, 725 ],
                        [ 1.507328, 751 ],
                        [ 1.5093759999999998, 732 ],
                        [ 1.5114239999999999, 663 ],
                        [ 1.513472, 722 ],
                        [ 1.51552, 706 ],
                        [ 1.517568, 717 ],
                        [ 1.5196159999999999, 667 ],
                        [ 1.521664, 728 ],
                        [ 1.523712, 640 ],
                        [ 1.52576, 718 ],
                        [ 1.5278079999999998, 698 ],
                        [ 1.5298559999999999, 717 ],
                        [ 1.531904, 649 ],
                        [ 1.533952, 687 ],
                        [ 1.536, 684 ],
                        [ 1.5380479999999999, 654 ],
                        [ 1.540096, 668 ],
                        [ 1.542144, 608 ],
                        [ 1.544192, 637 ],
                        [ 1.5462399999999998, 600 ],
                        [ 1.5482879999999999, 622 ],
                        [ 1.550336, 612 ],
                        [ 1.552384, 607 ],
                        [ 1.554432, 578 ],
                        [ 1.5564799999999999, 624 ],
                        [ 1.558528, 592 ],
                        [ 1.560576, 647 ],
                        [ 1.562624, 576 ],
                        [ 1.5646719999999998, 631 ],
                        [ 1.56672, 591 ],
                        [ 1.568768, 606 ],
                        [ 1.570816, 586 ],
                        [ 1.572864, 610 ],
                        [ 1.5749119999999999, 554 ],
                        [ 1.57696, 518 ],
                        [ 1.579008, 561 ],
                        [ 1.581056, 544 ],
                        [ 1.5831039999999998, 520 ],
                        [ 1.585152, 541 ],
                        [ 1.5872, 540 ],
                        [ 1.589248, 520 ],
                        [ 1.5912959999999998, 578 ],
                        [ 1.5933439999999999, 535 ],
                        [ 1.595392, 530 ],
                        [ 1.59744, 524 ],
                        [ 1.599488, 496 ],
                        [ 1.6015359999999998, 494 ],
                        [ 1.603584, 530 ],
                        [ 1.605632, 498 ],
                        [ 1.60768, 513 ],
                        [ 1.6097279999999998, 474 ],
                        [ 1.6117759999999999, 489 ],
                        [ 1.613824, 513 ],
                        [ 1.615872, 569 ],
                        [ 1.61792, 485 ],
                        [ 1.6199679999999999, 460 ],
                        [ 1.622016, 495 ],
                        [ 1.624064, 469 ],
                        [ 1.626112, 432 ],
                        [ 1.6281599999999998, 487 ],
                        [ 1.6302079999999999, 490 ],
                        [ 1.632256, 464 ],
                        [ 1.634304, 471 ],
                        [ 1.636352, 429 ],
                        [ 1.6383999999999999, 472 ],
                        [ 1.640448, 441 ],
                        [ 1.642496, 430 ],
                        [ 1.644544, 359 ],
                        [ 1.6465919999999998, 437 ],
                        [ 1.6486399999999999, 370 ],
                        [ 1.650688, 394 ],
                        [ 1.652736, 378 ],
                        [ 1.654784, 427 ],
                        [ 1.6568319999999999, 389 ],
                        [ 1.65888, 437 ],
                        [ 1.660928, 358 ],
                        [ 1.662976, 384 ],
                        [ 1.6650239999999998, 362 ],
                        [ 1.6670719999999999, 397 ],
                        [ 1.66912, 374 ],
                        [ 1.671168, 419 ],
                        [ 1.6732159999999998, 367 ],
                        [ 1.6752639999999999, 378 ],
                        [ 1.677312, 336 ],
                        [ 1.67936, 335 ],
                        [ 1.681408, 377 ],
                        [ 1.6834559999999998, 311 ],
                        [ 1.685504, 331 ],
                        [ 1.687552, 320 ],
                        [ 1.6896, 342 ],
                        [ 1.6916479999999998, 328 ],
                        [ 1.6936959999999999, 345 ],
                        [ 1.695744, 338 ],
                        [ 1.697792, 310 ],
                        [ 1.69984, 302 ],
                        [ 1.7018879999999998, 312 ],
                        [ 1.703936, 299 ],
                        [ 1.705984, 342 ],
                        [ 1.708032, 307 ],
                        [ 1.7100799999999998, 312 ],
                        [ 1.7121279999999999, 271 ],
                        [ 1.714176, 324 ],
                        [ 1.716224, 299 ],
                        [ 1.718272, 284 ],
                        [ 1.7203199999999998, 268 ],
                        [ 1.722368, 285 ],
                        [ 1.724416, 242 ],
                        [ 1.726464, 258 ],
                        [ 1.7285119999999998, 244 ],
                        [ 1.7305599999999999, 240 ],
                        [ 1.732608, 279 ],
                        [ 1.734656, 240 ],
                        [ 1.736704, 258 ],
                        [ 1.7387519999999999, 242 ],
                        [ 1.7408, 228 ],
                        [ 1.742848, 232 ],
                        [ 1.744896, 216 ],
                        [ 1.7469439999999998, 228 ],
                        [ 1.7489919999999999, 238 ],
                        [ 1.75104, 225 ],
                        [ 1.753088, 198 ],
                        [ 1.755136, 209 ],
                        [ 1.7571839999999999, 208 ],
                        [ 1.759232, 239 ],
                        [ 1.76128, 198 ],
                        [ 1.763328, 179 ],
                        [ 1.7653759999999998, 208 ],
                        [ 1.7674239999999999, 165 ],
                        [ 1.769472, 191 ],
                        [ 1.77152, 174 ],
                        [ 1.7735679999999998, 187 ],
                        [ 1.7756159999999999, 182 ],
                        [ 1.777664, 180 ],
                        [ 1.779712, 167 ],
                        [ 1.78176, 184 ],
                        [ 1.7838079999999998, 175 ],
                        [ 1.7858559999999999, 169 ],
                        [ 1.787904, 144 ],
                        [ 1.789952, 165 ],
                        [ 1.7919999999999998, 149 ],
                        [ 1.7940479999999999, 155 ],
                        [ 1.796096, 167 ],
                        [ 1.798144, 156 ],
                        [ 1.800192, 163 ],
                        [ 1.8022399999999998, 141 ],
                        [ 1.804288, 149 ],
                        [ 1.806336, 141 ],
                        [ 1.808384, 140 ],
                        [ 1.8104319999999998, 125 ],
                        [ 1.8124799999999999, 146 ],
                        [ 1.814528, 131 ],
                        [ 1.816576, 145 ],
                        [ 1.818624, 125 ],
                        [ 1.8206719999999998, 135 ],
                        [ 1.82272, 105 ],
                        [ 1.824768, 134 ],
                        [ 1.826816, 121 ],
                        [ 1.8288639999999998, 100 ],
                        [ 1.8309119999999999, 132 ],
                        [ 1.83296, 116 ],
                        [ 1.835008, 136 ],
                        [ 1.837056, 113 ],
                        [ 1.8391039999999998, 133 ],
                        [ 1.841152, 121 ],
                        [ 1.8432, 105 ],
                        [ 1.845248, 96 ],
                        [ 1.8472959999999998, 93 ],
                        [ 1.8493439999999999, 106 ],
                        [ 1.851392, 110 ],
                        [ 1.85344, 119 ],
                        [ 1.855488, 113 ],
                        [ 1.8575359999999999, 89 ],
                        [ 1.859584, 88 ],
                        [ 1.861632, 105 ],
                        [ 1.86368, 85 ],
                        [ 1.8657279999999998, 78 ],
                        [ 1.8677759999999999, 89 ],
                        [ 1.869824, 89 ],
                        [ 1.871872, 99 ],
                        [ 1.8739199999999998, 63 ],
                        [ 1.8759679999999999, 75 ],
                        [ 1.878016, 90 ],
                        [ 1.880064, 76 ],
                        [ 1.882112, 87 ],
                        [ 1.8841599999999998, 76 ],
                        [ 1.8862079999999999, 79 ],
                        [ 1.888256, 90 ],
                        [ 1.890304, 72 ],
                        [ 1.8923519999999998, 77 ],
                        [ 1.8943999999999999, 62 ],
                        [ 1.896448, 64 ],
                        [ 1.898496, 66 ],
                        [ 1.900544, 56 ],
                        [ 1.9025919999999998, 84 ],
                        [ 1.9046399999999999, 57 ],
                        [ 1.906688, 65 ],
                        [ 1.908736, 63 ],
                        [ 1.9107839999999998, 52 ],
                        [ 1.9128319999999999, 44 ],
                        [ 1.91488, 60 ],
                        [ 1.916928, 63 ],
                        [ 1.918976, 61 ],
                        [ 1.9210239999999998, 55 ],
                        [ 1.923072, 63 ],
                        [ 1.92512, 61 ],
                        [ 1.927168, 55 ],
                        [ 1.9292159999999998, 54 ],
                        [ 1.9312639999999999, 38 ],
                        [ 1.933312, 51 ],
                        [ 1.93536, 36 ],
                        [ 1.937408, 51 ],
                        [ 1.9394559999999998, 43 ],
                        [ 1.941504, 38 ],
                        [ 1.943552, 52 ],
                        [ 1.9456, 43 ],
                        [ 1.9476479999999998, 38 ],
                        [ 1.9496959999999999, 43 ],
                        [ 1.951744, 41 ],
                        [ 1.953792, 45 ],
                        [ 1.9558399999999998, 46 ],
                        [ 1.9578879999999999, 48 ],
                        [ 1.959936, 38 ],
                        [ 1.961984, 53 ],
                        [ 1.964032, 36 ],
                        [ 1.9660799999999998, 38 ],
                        [ 1.9681279999999999, 40 ],
                        [ 1.970176, 34 ],
                        [ 1.972224, 33 ],
                        [ 1.9742719999999998, 28 ],
                        [ 1.9763199999999999, 30 ],
                        [ 1.978368, 42 ],
                        [ 1.980416, 33 ],
                        [ 1.982464, 38 ],
                        [ 1.9845119999999998, 21 ],
                        [ 1.9865599999999999, 33 ],
                        [ 1.988608, 40 ],
                        [ 1.990656, 29 ],
                        [ 1.9927039999999998, 40 ],
                        [ 1.9947519999999999, 28 ],
                        [ 1.9968, 27 ],
                        [ 1.998848, 29 ],
                        [ 2.000896, 32 ],
                        [ 2.002944, 27 ],
                        [ 2.004992, 25 ],
                        [ 2.00704, 32 ],
                        [ 2.0090879999999998, 27 ],
                        [ 2.011136, 38 ],
                        [ 2.013184, 24 ],
                        [ 2.0152319999999997, 20 ],
                        [ 2.01728, 29 ],
                        [ 2.019328, 21 ],
                        [ 2.021376, 25 ],
                        [ 2.023424, 23 ],
                        [ 2.0254719999999997, 22 ],
                        [ 2.02752, 17 ],
                        [ 2.029568, 21 ],
                        [ 2.031616, 20 ],
                        [ 2.033664, 17 ],
                        [ 2.0357119999999997, 21 ],
                        [ 2.03776, 22 ],
                        [ 2.039808, 18 ],
                        [ 2.041856, 28 ],
                        [ 2.043904, 18 ],
                        [ 2.0459519999999998, 16 ],
                        [ 2.048, 20 ],
                        [ 2.050048, 22 ],
                        [ 2.0520959999999997, 11 ],
                        [ 2.054144, 12 ],
                        [ 2.056192, 17 ],
                        [ 2.05824, 9 ],
                        [ 2.060288, 13 ],
                        [ 2.0623359999999997, 12 ],
                        [ 2.064384, 13 ],
                        [ 2.066432, 9 ],
                        [ 2.06848, 21 ],
                        [ 2.070528, 9 ],
                        [ 2.0725759999999998, 9 ],
                        [ 2.074624, 9 ],
                        [ 2.076672, 15 ],
                        [ 2.07872, 16 ],
                        [ 2.080768, 9 ],
                        [ 2.082816, 10 ],
                        [ 2.084864, 16 ],
                        [ 2.086912, 10 ],
                        [ 2.0889599999999997, 10 ],
                        [ 2.091008, 8 ],
                        [ 2.093056, 9 ],
                        [ 2.095104, 9 ],
                        [ 2.097152, 22 ],
                        [ 2.101248, 21 ],
                        [ 2.105344, 19 ],
                        [ 2.1094399999999998, 20 ],
                        [ 2.113536, 22 ],
                        [ 2.117632, 16 ],
                        [ 2.121728, 16 ],
                        [ 2.1258239999999997, 19 ],
                        [ 2.12992, 19 ],
                        [ 2.134016, 13 ],
                        [ 2.138112, 15 ],
                        [ 2.142208, 16 ],
                        [ 2.1463039999999998, 14 ],
                        [ 2.1504, 18 ],
                        [ 2.154496, 12 ],
                        [ 2.158592, 16 ],
                        [ 2.1626879999999997, 17 ],
                        [ 2.166784, 16 ],
                        [ 2.17088, 14 ],
                        [ 2.174976, 23 ],
                        [ 2.179072, 10 ],
                        [ 2.1831679999999998, 15 ],
                        [ 2.187264, 12 ],
                        [ 2.19136, 18 ],
                        [ 2.195456, 15 ],
                        [ 2.1995519999999997, 8 ],
                        [ 2.203648, 7 ],
                        [ 2.207744, 11 ],
                        [ 2.21184, 14 ],
                        [ 2.2159359999999997, 9 ],
                        [ 2.220032, 18 ],
                        [ 2.224128, 9 ],
                        [ 2.228224, 8 ],
                        [ 2.23232, 5 ],
                        [ 2.2364159999999997, 9 ],
                        [ 2.240512, 4 ],
                        [ 2.244608, 5 ],
                        [ 2.248704, 12 ],
                        [ 2.2527999999999997, 3 ],
                        [ 2.256896, 8 ],
                        [ 2.260992, 4 ],
                        [ 2.265088, 4 ],
                        [ 2.269184, 8 ],
                        [ 2.2732799999999997, 3 ],
                        [ 2.277376, 14 ],
                        [ 2.281472, 6 ],
                        [ 2.285568, 9 ],
                        [ 2.2896639999999997, 7 ],
                        [ 2.29376, 6 ],
                        [ 2.297856, 8 ],
                        [ 2.301952, 7 ],
                        [ 2.306048, 7 ],
                        [ 2.3101439999999998, 3 ],
                        [ 2.31424, 5 ],
                        [ 2.318336, 4 ],
                        [ 2.322432, 6 ],
                        [ 2.3265279999999997, 13 ],
                        [ 2.330624, 8 ],
                        [ 2.33472, 5 ],
                        [ 2.338816, 9 ],
                        [ 2.342912, 3 ],
                        [ 2.3470079999999998, 5 ],
                        [ 2.351104, 3 ],
                        [ 2.3552, 11 ],
                        [ 2.359296, 2 ],
                        [ 2.3633919999999997, 11 ],
                        [ 2.367488, 5 ],
                        [ 2.371584, 7 ],
                        [ 2.37568, 6 ],
                        [ 2.379776, 3 ],
                        [ 2.3838719999999998, 4 ],
                        [ 2.387968, 9 ],
                        [ 2.392064, 3 ],
                        [ 2.39616, 3 ],
                        [ 2.4002559999999997, 6 ],
                        [ 2.404352, 1 ],
                        [ 2.408448, 3 ],
                        [ 2.412544, 9 ],
                        [ 2.4166399999999997, 5 ],
                        [ 2.4207359999999998, 8 ],
                        [ 2.424832, 4 ],
                        [ 2.428928, 3 ],
                        [ 2.433024, 4 ],
                        [ 2.4371199999999997, 6 ],
                        [ 2.441216, 9 ],
                        [ 2.445312, 1 ],
                        [ 2.449408, 5 ],
                        [ 2.4535039999999997, 4 ],
                        [ 2.4576, 8 ],
                        [ 2.461696, 7 ],
                        [ 2.465792, 2 ],
                        [ 2.469888, 7 ],
                        [ 2.4739839999999997, 6 ],
                        [ 2.47808, 5 ],
                        [ 2.482176, 2 ],
                        [ 2.486272, 1 ],
                        [ 2.4903679999999997, 6 ],
                        [ 2.494464, 1 ],
                        [ 2.49856, 2 ],
                        [ 2.502656, 4 ],
                        [ 2.506752, 5 ],
                        [ 2.5108479999999997, 5 ],
                        [ 2.514944, 5 ],
                        [ 2.51904, 3 ],
                        [ 2.523136, 1 ],
                        [ 2.5272319999999997, 1 ],
                        [ 2.531328, 4 ],
                        [ 2.535424, 5 ],
                        [ 2.53952, 1 ],
                        [ 2.543616, 1 ],
                        [ 2.5477119999999998, 4 ],
                        [ 2.551808, 4 ],
                        [ 2.555904, 2 ],
                        [ 2.56, 5 ],
                        [ 2.5640959999999997, 5 ],
                        [ 2.568192, 4 ],
                        [ 2.572288, 2 ],
                        [ 2.576384, 4 ],
                        [ 2.5804799999999997, 1 ],
                        [ 2.5845759999999998, 2 ],
                        [ 2.588672, 3 ],
                        [ 2.592768, 2 ],
                        [ 2.596864, 3 ],
                        [ 2.6009599999999997, 3 ],
                        [ 2.605056, 2 ],
                        [ 2.609152, 3 ],
                        [ 2.613248, 2 ],
                        [ 2.6173439999999997, 3 ],
                        [ 2.6214399999999998, 3 ],
                        [ 2.625536, 1 ],
                        [ 2.629632, 5 ],
                        [ 2.633728, 7 ],
                        [ 2.6378239999999997, 3 ],
                        [ 2.64192, 4 ],
                        [ 2.646016, 1 ],
                        [ 2.650112, 4 ],
                        [ 2.6542079999999997, 3 ],
                        [ 2.658304, 4 ],
                        [ 2.6624, 2 ],
                        [ 2.666496, 4 ],
                        [ 2.6746879999999997, 1 ],
                        [ 2.678784, 2 ],
                        [ 2.686976, 3 ],
                        [ 2.6910719999999997, 2 ],
                        [ 2.695168, 2 ],
                        [ 2.699264, 3 ],
                        [ 2.70336, 2 ],
                        [ 2.707456, 3 ],
                        [ 2.7115519999999997, 1 ],
                        [ 2.715648, 2 ],
                        [ 2.719744, 5 ],
                        [ 2.72384, 3 ],
                        [ 2.7279359999999997, 6 ],
                        [ 2.732032, 3 ],
                        [ 2.736128, 4 ],
                        [ 2.740224, 1 ],
                        [ 2.74432, 2 ],
                        [ 2.7484159999999997, 1 ],
                        [ 2.752512, 1 ],
                        [ 2.756608, 4 ],
                        [ 2.760704, 3 ],
                        [ 2.7647999999999997, 2 ],
                        [ 2.768896, 3 ],
                        [ 2.772992, 1 ],
                        [ 2.777088, 4 ],
                        [ 2.7811839999999997, 2 ],
                        [ 2.7852799999999998, 3 ],
                        [ 2.789376, 2 ],
                        [ 2.793472, 2 ],
                        [ 2.797568, 2 ],
                        [ 2.8016639999999997, 4 ],
                        [ 2.80576, 2 ],
                        [ 2.813952, 1 ],
                        [ 2.8180479999999997, 2 ],
                        [ 2.8221439999999998, 1 ],
                        [ 2.82624, 2 ],
                        [ 2.830336, 2 ],
                        [ 2.834432, 6 ],
                        [ 2.8385279999999997, 2 ],
                        [ 2.842624, 2 ],
                        [ 2.84672, 2 ],
                        [ 2.850816, 3 ],
                        [ 2.8549119999999997, 2 ],
                        [ 2.8590079999999998, 4 ],
                        [ 2.863104, 6 ],
                        [ 2.8672, 2 ],
                        [ 2.8753919999999997, 3 ],
                        [ 2.883584, 2 ],
                        [ 2.88768, 1 ],
                        [ 2.8917759999999997, 2 ],
                        [ 2.895872, 1 ],
                        [ 2.899968, 1 ],
                        [ 2.90816, 4 ],
                        [ 2.9122559999999997, 2 ],
                        [ 2.916352, 3 ],
                        [ 2.920448, 2 ],
                        [ 2.924544, 3 ],
                        [ 2.9286399999999997, 1 ],
                        [ 2.932736, 3 ],
                        [ 2.936832, 1 ],
                        [ 2.945024, 5 ],
                        [ 2.953216, 2 ],
                        [ 2.957312, 3 ],
                        [ 2.961408, 2 ],
                        [ 2.9696, 2 ],
                        [ 2.973696, 4 ],
                        [ 2.977792, 1 ],
                        [ 2.9818879999999996, 2 ],
                        [ 2.9859839999999997, 1 ],
                        [ 2.994176, 4 ],
                        [ 2.998272, 4 ],
                        [ 3.0023679999999997, 5 ],
                        [ 3.006464, 1 ],
                        [ 3.01056, 2 ],
                        [ 3.014656, 3 ],
                        [ 3.0187519999999997, 2 ],
                        [ 3.0228479999999998, 4 ],
                        [ 3.026944, 3 ],
                        [ 3.03104, 2 ],
                        [ 3.035136, 3 ],
                        [ 3.0392319999999997, 3 ],
                        [ 3.043328, 3 ],
                        [ 3.047424, 2 ],
                        [ 3.0556159999999997, 2 ],
                        [ 3.0597119999999998, 1 ],
                        [ 3.063808, 1 ],
                        [ 3.067904, 3 ],
                        [ 3.072, 3 ],
                        [ 3.0760959999999997, 2 ],
                        [ 3.080192, 4 ],
                        [ 3.084288, 2 ],
                        [ 3.088384, 1 ],
                        [ 3.0924799999999997, 4 ],
                        [ 3.0965759999999998, 5 ],
                        [ 3.100672, 3 ],
                        [ 3.104768, 2 ],
                        [ 3.108864, 1 ],
                        [ 3.1129599999999997, 1 ],
                        [ 3.117056, 3 ],
                        [ 3.121152, 2 ],
                        [ 3.125248, 1 ],
                        [ 3.1293439999999997, 2 ],
                        [ 3.13344, 1 ],
                        [ 3.137536, 2 ],
                        [ 3.141632, 3 ],
                        [ 3.1498239999999997, 2 ],
                        [ 3.15392, 1 ],
                        [ 3.158016, 1 ],
                        [ 3.162112, 1 ],
                        [ 3.1662079999999997, 3 ],
                        [ 3.170304, 1 ],
                        [ 3.1744, 1 ],
                        [ 3.178496, 1 ],
                        [ 3.1825919999999996, 2 ],
                        [ 3.190784, 2 ],
                        [ 3.19488, 1 ],
                        [ 3.2030719999999997, 2 ],
                        [ 3.207168, 2 ],
                        [ 3.211264, 3 ],
                        [ 3.21536, 1 ],
                        [ 3.2194559999999997, 2 ],
                        [ 3.2235519999999998, 4 ],
                        [ 3.227648, 1 ],
                        [ 3.2399359999999997, 2 ],
                        [ 3.244032, 2 ],
                        [ 3.248128, 3 ],
                        [ 3.264512, 3 ],
                        [ 3.268608, 1 ],
                        [ 3.272704, 1 ],
                        [ 3.2767999999999997, 2 ],
                        [ 3.284992, 1 ],
                        [ 3.289088, 2 ],
                        [ 3.2931839999999997, 2 ],
                        [ 3.301376, 3 ],
                        [ 3.305472, 2 ],
                        [ 3.309568, 2 ],
                        [ 3.3136639999999997, 2 ],
                        [ 3.321856, 2 ],
                        [ 3.3341439999999998, 2 ],
                        [ 3.3464319999999996, 3 ],
                        [ 3.3669119999999997, 1 ],
                        [ 3.371008, 2 ],
                        [ 3.375104, 1 ],
                        [ 3.3792, 3 ],
                        [ 3.3832959999999996, 1 ],
                        [ 3.391488, 3 ],
                        [ 3.395584, 1 ],
                        [ 3.39968, 2 ],
                        [ 3.4037759999999997, 1 ],
                        [ 3.411968, 2 ],
                        [ 3.416064, 1 ],
                        [ 3.428352, 1 ],
                        [ 3.432448, 1 ],
                        [ 3.436544, 1 ],
                        [ 3.4406399999999997, 2 ],
                        [ 3.444736, 1 ],
                        [ 3.448832, 2 ],
                        [ 3.452928, 2 ],
                        [ 3.4570239999999997, 2 ],
                        [ 3.4611199999999998, 2 ],
                        [ 3.465216, 2 ],
                        [ 3.473408, 3 ],
                        [ 3.4775039999999997, 1 ],
                        [ 3.4816, 5 ],
                        [ 3.485696, 1 ],
                        [ 3.4938879999999997, 1 ],
                        [ 3.4979839999999998, 2 ],
                        [ 3.50208, 1 ],
                        [ 3.506176, 1 ],
                        [ 3.5143679999999997, 1 ],
                        [ 3.518464, 1 ],
                        [ 3.52256, 1 ],
                        [ 3.526656, 2 ],
                        [ 3.5307519999999997, 2 ],
                        [ 3.5348479999999998, 2 ],
                        [ 3.54304, 2 ],
                        [ 3.5471359999999996, 1 ],
                        [ 3.5512319999999997, 2 ],
                        [ 3.555328, 1 ],
                        [ 3.5676159999999997, 1 ],
                        [ 3.5717119999999998, 1 ],
                        [ 3.575808, 1 ],
                        [ 3.5839999999999996, 1 ],
                        [ 3.592192, 3 ],
                        [ 3.600384, 4 ],
                        [ 3.6044799999999997, 2 ],
                        [ 3.608576, 2 ],
                        [ 3.612672, 1 ],
                        [ 3.616768, 4 ],
                        [ 3.6249599999999997, 2 ],
                        [ 3.629056, 4 ],
                        [ 3.637248, 2 ],
                        [ 3.64544, 2 ],
                        [ 3.649536, 3 ],
                        [ 3.653632, 2 ],
                        [ 3.6577279999999996, 2 ],
                        [ 3.6618239999999997, 4 ],
                        [ 3.66592, 1 ],
                        [ 3.6782079999999997, 2 ],
                        [ 3.682304, 2 ],
                        [ 3.6945919999999997, 1 ],
                        [ 3.702784, 1 ],
                        [ 3.710976, 2 ],
                        [ 3.719168, 1 ],
                        [ 3.723264, 2 ],
                        [ 3.72736, 3 ],
                        [ 3.7314559999999997, 2 ],
                        [ 3.7355519999999998, 1 ],
                        [ 3.739648, 1 ],
                        [ 3.7478399999999996, 3 ],
                        [ 3.7519359999999997, 4 ],
                        [ 3.756032, 2 ],
                        [ 3.760128, 2 ],
                        [ 3.7683199999999997, 1 ],
                        [ 3.7724159999999998, 2 ],
                        [ 3.776512, 1 ],
                        [ 3.7847039999999996, 2 ],
                        [ 3.7887999999999997, 1 ],
                        [ 3.796992, 1 ],
                        [ 3.8051839999999997, 1 ],
                        [ 3.8092799999999998, 1 ],
                        [ 3.813376, 1 ],
                        [ 3.817472, 2 ],
                        [ 3.8215679999999996, 3 ],
                        [ 3.82976, 2 ],
                        [ 3.837952, 2 ],
                        [ 3.846144, 2 ],
                        [ 3.85024, 3 ],
                        [ 3.854336, 1 ],
                        [ 3.8584319999999996, 2 ],
                        [ 3.8625279999999997, 3 ],
                        [ 3.866624, 2 ],
                        [ 3.87072, 3 ],
                        [ 3.8789119999999997, 1 ],
                        [ 3.883008, 1 ],
                        [ 3.887104, 2 ],
                        [ 3.8912, 1 ],
                        [ 3.8993919999999997, 1 ],
                        [ 3.907584, 1 ],
                        [ 3.9157759999999997, 1 ],
                        [ 3.923968, 2 ],
                        [ 3.928064, 1 ],
                        [ 3.9321599999999997, 2 ],
                        [ 3.9362559999999998, 2 ],
                        [ 3.940352, 1 ],
                        [ 3.944448, 2 ],
                        [ 3.960832, 2 ],
                        [ 3.964928, 1 ],
                        [ 3.9690239999999997, 3 ],
                        [ 3.9731199999999998, 2 ],
                        [ 3.977216, 2 ],
                        [ 3.981312, 1 ],
                        [ 3.9936, 1 ],
                        [ 3.997696, 1 ],
                        [ 4.009984, 2 ],
                        [ 4.01408, 1 ],
                        [ 4.0181759999999995, 1 ],
                        [ 4.030463999999999, 2 ],
                        [ 4.038656, 3 ],
                        [ 4.042752, 1 ],
                        [ 4.050943999999999, 1 ],
                        [ 4.05504, 1 ],
                        [ 4.059136, 1 ],
                        [ 4.067328, 2 ],
                        [ 4.0714239999999995, 4 ],
                        [ 4.07552, 3 ],
                        [ 4.079616, 1 ],
                        [ 4.083712, 1 ],
                        [ 4.096, 2 ],
                        [ 4.100096, 1 ],
                        [ 4.104191999999999, 1 ],
                        [ 4.108288, 1 ],
                        [ 4.112384, 2 ],
                        [ 4.11648, 1 ],
                        [ 4.128768, 3 ],
                        [ 4.13696, 1 ],
                        [ 4.153344, 2 ],
                        [ 4.15744, 1 ],
                        [ 4.161536, 3 ],
                        [ 4.165632, 1 ],
                        [ 4.169728, 2 ],
                        [ 4.173824, 3 ],
                        [ 4.177919999999999, 1 ],
                        [ 4.186112, 1 ],
                        [ 4.190208, 1 ],
                        [ 4.194304, 1 ],
                        [ 4.202496, 3 ],
                        [ 4.210688, 2 ],
                        [ 4.235264, 1 ],
                        [ 4.243456, 2 ],
                        [ 4.25984, 4 ],
                        [ 4.268032, 1 ],
                        [ 4.276224, 2 ],
                        [ 4.2926079999999995, 4 ],
                        [ 4.3008, 1 ],
                        [ 4.333568, 2 ],
                        [ 4.34176, 2 ],
                        [ 4.349952, 1 ],
                        [ 4.358144, 2 ],
                        [ 4.3663359999999996, 2 ],
                        [ 4.390912, 1 ],
                        [ 4.407296, 1 ],
                        [ 4.415488, 2 ],
                        [ 4.42368, 1 ],
                        [ 4.431871999999999, 1 ],
                        [ 4.440064, 2 ],
                        [ 4.448256, 3 ],
                        [ 4.456448, 1 ],
                        [ 4.46464, 1 ],
                        [ 4.481024, 2 ],
                        [ 4.489216, 1 ],
                        [ 4.497408, 1 ],
                        [ 4.505599999999999, 2 ],
                        [ 4.513792, 4 ],
                        [ 4.538368, 4 ],
                        [ 4.5465599999999995, 2 ],
                        [ 4.562944, 1 ],
                        [ 4.571136, 3 ],
                        [ 4.579327999999999, 2 ],
                        [ 4.58752, 1 ],
                        [ 4.595712, 1 ],
                        [ 4.612096, 2 ],
                        [ 4.6202879999999995, 1 ],
                        [ 4.62848, 1 ],
                        [ 4.636672, 2 ],
                        [ 4.644864, 4 ],
                        [ 4.661248, 2 ],
                        [ 4.66944, 1 ],
                        [ 4.677632, 1 ],
                        [ 4.6940159999999995, 1 ],
                        [ 4.702208, 1 ],
                        [ 4.7104, 2 ],
                        [ 4.718592, 1 ],
                        [ 4.743168, 1 ],
                        [ 4.75136, 1 ],
                        [ 4.759552, 2 ],
                        [ 4.7677439999999995, 1 ],
                        [ 4.775936, 1 ],
                        [ 4.784128, 2 ],
                        [ 4.79232, 1 ],
                        [ 4.8005119999999994, 1 ],
                        [ 4.808704, 1 ],
                        [ 4.833279999999999, 1 ],
                        [ 4.8414719999999996, 3 ],
                        [ 4.849664, 1 ],
                        [ 4.857856, 2 ],
                        [ 4.866048, 1 ],
                        [ 4.8742399999999995, 3 ],
                        [ 4.907007999999999, 3 ],
                        [ 4.9152, 2 ],
                        [ 4.931584, 1 ],
                        [ 4.9479679999999995, 2 ],
                        [ 4.95616, 1 ],
                        [ 4.964352, 1 ],
                        [ 4.972544, 1 ],
                        [ 4.988928, 3 ],
                        [ 5.005312, 2 ],
                        [ 5.013504, 2 ],
                        [ 5.0216959999999995, 1 ],
                        [ 5.029888, 2 ],
                        [ 5.054463999999999, 1 ],
                        [ 5.062656, 1 ],
                        [ 5.07904, 1 ],
                        [ 5.087232, 1 ],
                        [ 5.0954239999999995, 1 ],
                        [ 5.111808, 1 ],
                        [ 5.144576, 1 ],
                        [ 5.160959999999999, 3 ],
                        [ 5.1691519999999995, 1 ],
                        [ 5.185536, 2 ],
                        [ 5.193728, 2 ],
                        [ 5.201919999999999, 1 ],
                        [ 5.210112, 2 ],
                        [ 5.226496, 2 ],
                        [ 5.234687999999999, 1 ],
                        [ 5.2428799999999995, 1 ],
                        [ 5.259264, 3 ],
                        [ 5.267456, 1 ],
                        [ 5.28384, 1 ],
                        [ 5.300224, 2 ],
                        [ 5.332992, 1 ],
                        [ 5.341184, 2 ],
                        [ 5.3493759999999995, 1 ],
                        [ 5.357568, 1 ],
                        [ 5.373952, 1 ],
                        [ 5.382143999999999, 1 ],
                        [ 5.390336, 1 ],
                        [ 5.398528, 2 ],
                        [ 5.414912, 2 ],
                        [ 5.4231039999999995, 1 ],
                        [ 5.431296, 1 ],
                        [ 5.439488, 1 ],
                        [ 5.44768, 1 ],
                        [ 5.455871999999999, 1 ],
                        [ 5.464064, 1 ],
                        [ 5.472256, 1 ],
                        [ 5.48864, 2 ],
                        [ 5.4968319999999995, 1 ],
                        [ 5.513216, 3 ],
                        [ 5.521408, 1 ],
                        [ 5.529599999999999, 1 ],
                        [ 5.537792, 1 ],
                        [ 5.554176, 1 ],
                        [ 5.5705599999999995, 1 ],
                        [ 5.595136, 1 ],
                        [ 5.603327999999999, 1 ],
                        [ 5.636095999999999, 1 ],
                        [ 5.677055999999999, 2 ],
                        [ 5.685248, 1 ],
                        [ 5.69344, 1 ],
                        [ 5.701632, 1 ],
                        [ 5.709823999999999, 1 ],
                        [ 5.7180159999999995, 2 ],
                        [ 5.7344, 1 ],
                        [ 5.742592, 1 ],
                        [ 5.767168, 1 ],
                        [ 5.77536, 1 ],
                        [ 5.783551999999999, 1 ],
                        [ 5.799936, 2 ],
                        [ 5.808128, 1 ],
                        [ 5.832704, 3 ],
                        [ 5.840896, 1 ],
                        [ 5.849088, 1 ],
                        [ 5.857279999999999, 3 ],
                        [ 5.873664, 1 ],
                        [ 5.890048, 2 ],
                        [ 5.8982399999999995, 1 ],
                        [ 5.906432, 1 ],
                        [ 5.931007999999999, 2 ],
                        [ 5.947392, 1 ],
                        [ 6.004735999999999, 2 ],
                        [ 6.02112, 1 ],
                        [ 6.037503999999999, 2 ],
                        [ 6.0456959999999995, 1 ],
                        [ 6.053888, 2 ],
                        [ 6.06208, 2 ],
                        [ 6.070272, 1 ],
                        [ 6.127616, 1 ],
                        [ 6.144, 1 ],
                        [ 6.152191999999999, 1 ],
                        [ 6.160384, 1 ],
                        [ 6.176768, 1 ],
                        [ 6.1931519999999995, 1 ],
                        [ 6.217728, 1 ],
                        [ 6.234112, 1 ],
                        [ 6.242304, 1 ],
                        [ 6.258687999999999, 1 ],
                        [ 6.283264, 3 ],
                        [ 6.2996479999999995, 2 ],
                        [ 6.316032, 2 ],
                        [ 6.324224, 1 ],
                        [ 6.3488, 1 ],
                        [ 6.356992, 1 ],
                        [ 6.365183999999999, 1 ],
                        [ 6.38976, 1 ],
                        [ 6.397952, 1 ],
                        [ 6.438911999999999, 1 ],
                        [ 6.4471039999999995, 1 ],
                        [ 6.455296, 1 ],
                        [ 6.479871999999999, 1 ],
                        [ 6.512639999999999, 1 ],
                        [ 6.5208319999999995, 1 ],
                        [ 6.545408, 1 ],
                        [ 6.561792, 1 ],
                        [ 6.586367999999999, 1 ],
                        [ 6.610944, 1 ],
                        [ 6.627327999999999, 1 ],
                        [ 6.643712, 2 ],
                        [ 6.7010559999999995, 1 ],
                        [ 6.709248, 1 ],
                        [ 6.71744, 1 ],
                        [ 6.725632, 2 ],
                        [ 6.742016, 2 ],
                        [ 6.750208, 1 ],
                        [ 6.7747839999999995, 1 ],
                        [ 6.791168, 1 ],
                        [ 6.79936, 1 ],
                        [ 6.840319999999999, 2 ],
                        [ 6.864896, 1 ],
                        [ 6.881279999999999, 1 ],
                        [ 6.889472, 1 ],
                        [ 6.897664, 3 ],
                        [ 6.905856, 1 ],
                        [ 6.930432, 1 ],
                        [ 6.946816, 1 ],
                        [ 6.9632, 1 ],
                        [ 6.987775999999999, 1 ],
                        [ 7.020544, 1 ],
                        [ 7.028735999999999, 2 ],
                        [ 7.036928, 1 ],
                        [ 7.077888, 1 ],
                        [ 7.118848, 1 ],
                        [ 7.167999999999999, 1 ],
                        [ 7.208959999999999, 2 ],
                        [ 7.217152, 1 ],
                        [ 7.225344, 1 ],
                        [ 7.233536, 1 ],
                        [ 7.29088, 1 ],
                        [ 7.307264, 1 ],
                        [ 7.3728, 1 ],
                        [ 7.438336, 1 ],
                        [ 7.520256, 1 ],
                        [ 7.561216, 2 ],
                        [ 7.585792, 1 ],
                        [ 7.610367999999999, 1 ],
                        [ 7.675904, 1 ],
                        [ 7.757823999999999, 1 ],
                        [ 7.774208, 2 ],
                        [ 7.815168, 1 ],
                        [ 7.823359999999999, 1 ],
                        [ 7.856128, 1 ],
                        [ 7.888896, 1 ],
                        [ 7.938047999999999, 1 ],
                        [ 7.954432, 1 ],
                        [ 7.9872, 1 ],
                        [ 8.003584, 2 ],
                        [ 8.011776, 1 ],
                        [ 8.019968, 1 ],
                        [ 8.036351999999999, 2 ],
                        [ 8.101887999999999, 1 ],
                        [ 8.126464, 2 ],
                        [ 8.142847999999999, 1 ],
                        [ 8.167424, 2 ],
                        [ 8.175616, 1 ],
                        [ 8.216576, 1 ],
                        [ 8.265728, 1 ],
                        [ 8.27392, 1 ],
                        [ 8.298496, 1 ],
                        [ 8.306688, 1 ],
                        [ 8.380416, 1 ],
                        [ 8.388608, 2 ],
                        [ 8.421376, 1 ],
                        [ 8.503295999999999, 2 ],
                        [ 8.568832, 1 ],
                        [ 8.585215999999999, 1 ],
                        [ 8.6016, 2 ],
                        [ 8.634368, 1 ],
                        [ 8.68352, 2 ],
                        [ 8.814592, 1 ],
                        [ 8.880128, 2 ],
                        [ 8.945663999999999, 1 ],
                        [ 8.962048, 2 ],
                        [ 8.978432, 1 ],
                        [ 9.011199999999999, 1 ],
                        [ 9.027584, 1 ],
                        [ 9.125888, 2 ],
                        [ 9.142272, 1 ],
                        [ 9.158655999999999, 1 ],
                        [ 9.224192, 1 ],
                        [ 9.273344, 1 ],
                        [ 9.289728, 1 ],
                        [ 9.33888, 1 ],
                        [ 9.355264, 2 ],
                        [ 9.371648, 1 ],
                        [ 9.4208, 1 ],
                        [ 9.486336, 1 ],
                        [ 9.568256, 1 ],
                        [ 9.58464, 2 ],
                        [ 9.617408, 2 ],
                        [ 9.650176, 1 ],
                        [ 9.748479999999999, 1 ],
                        [ 9.797632, 1 ],
                        [ 9.895935999999999, 1 ],
                        [ 9.977856, 1 ],
                        [ 10.059776, 1 ],
                        [ 10.07616, 1 ],
                        [ 10.141696, 1 ],
                        [ 10.338303999999999, 1 ],
                        [ 10.354688, 1 ],
                        [ 10.387456, 1 ],
                        [ 10.485759999999999, 1 ],
                        [ 10.534912, 2 ],
                        [ 10.665984, 1 ],
                        [ 10.747904, 1 ],
                        [ 10.764287999999999, 1 ],
                        [ 10.780672, 1 ],
                        [ 10.797056, 1 ],
                        [ 10.829824, 1 ],
                        [ 10.846207999999999, 1 ],
                        [ 10.878976, 1 ],
                        [ 11.091968, 1 ],
                        [ 11.124735999999999, 1 ],
                        [ 11.354111999999999, 1 ],
                        [ 11.38688, 1 ],
                        [ 11.436031999999999, 1 ],
                        [ 11.862015999999999, 1 ],
                        [ 11.943935999999999, 1 ],
                        [ 12.140544, 2 ],
                        [ 12.189696, 1 ],
                        [ 12.320768, 1 ],
                        [ 12.664831999999999, 1 ],
                        [ 12.795904, 1 ],
                        [ 12.976128, 1 ],
                        [ 13.156352, 2 ],
                        [ 13.27104, 1 ],
                        [ 13.418496, 1 ],
                        [ 13.500416, 1 ],
                        [ 13.729792, 1 ],
                        [ 13.795328, 1 ],
                        [ 13.860864, 1 ],
                        [ 14.25408, 1 ],
                        [ 14.417919999999999, 1 ],
                        [ 14.565375999999999, 1 ],
                        [ 14.58176, 1 ],
                        [ 14.7456, 1 ],
                        [ 15.368191999999999, 1 ],
                        [ 15.859712, 1 ],
                        [ 16.318464, 1 ],
                        [ 16.908288, 1 ],
                        [ 20.283392, 1 ],
                        [ 23.10144, 1 ],
                        [ 23.330816, 1 ],
                        [ 23.887871999999998, 1 ],
                        [ 25.690112, 1 ],
                        [ 26.574848, 1 ],
                        [ 26.640383999999997, 1 ],
                        [ 26.804223999999998, 1 ],
                        [ 26.836992, 1 ],
                        [ 26.902528, 1 ],
                        [ 27.361279999999997, 1 ],
                        [ 28.114943999999998, 1 ],
                        [ 38.469632, 1 ],
                        [ 43.188224, 1 ],
                        [ 43.319296, 1 ],
                        [ 48.234496, 1 ],
                        [ 54.591488, 1 ],
                        [ 56.885248, 1 ],
                        [ 71.827456, 1 ],
                        [ 103.809024, 1 ],
                        [ 120.71731199999999, 1 ],
                        [ 123.60089599999999, 1 ],
                        [ 170.655744, 1 ],
                        [ 200.802304, 1 ],
                        [ 202.899456, 1 ],
                        [ 226.492416, 1 ],
                        [ 272.62976, 1 ],
                        [ 297.79558399999996, 1 ],
                        [ 4504.682495999999, 1 ]
                    ]
                ]
            ]
        },
        "secondaryMetrics" : {
            "+misc.totalRu" : {
                "score" : 236663.0,
                "scoreError" : "NaN",
                "scoreConfidence" : [
                    236663.0,
                    236663.0
                ],
                "scorePercentiles" : {
                    "0.0" : 236663.0,
                    "50.0" : 236663.0,
                    "90.0" : 236663.0,
                    "95.0" : 236663.0,
                    "99.0" : 236663.0,
                    "99.9" : 236663.0,
                    "99.99" : 236663.0,
                    "99.999" : 236663.0,
                    "99.9999" : 236663.0,
                    "100.0" : 236663.0
                },
                "scoreUnit" : "ru/s",
                "rawData" : [
                    [
                        236663.0
                    ]
                ]
            },
            "lookupRoutingSingle·p0.00" : {
                "score" : 0.913408,
                "scoreError" : "NaN",
                "scoreConfidence" : [
                    "NaN",
                    "NaN"
                ],
                "scorePercentiles" : {
                    "0.0" : 0.913408,
                    "50.0" : 0.913408,
                    "90.0" : 0.913408,
                    "95.0" : 0.913408,
                    "99.0" : 0.913408,
                    "99.9" : 0.913408,
                    "99.99" : 0.913408,
                    "99.999" : 0.913408,
                    "99.9999" : 0.913408,
                    "100.0" : 0.913408
                },
                "scoreUnit" : "ms/op",
                "rawData" : [
                    [
                        0.913408
                    ]
                ]
            },
            "lookupRoutingSingle·p0.50" : {
                "score" : 1.4336,
                "scoreError" : "NaN",
                "scoreConfidence" : [
                    "NaN",
                    "NaN"
                ],
                "scorePercentiles" : {
                    "0.0" : 1.4336,
                    "50.0" : 1.4336,
                    "90.0" : 1.4336,
                    "95.0" : 1.4336,
                    "99.0" : 1.4336,
                    "99.9" : 1.4336,
                    "99.99" : 1.4336,
                    "99.999" : 1.4336,
                    "99.9999" : 1.4336,
                    "100.0" : 1.4336
                },
                "scoreUnit" : "ms/op",
                "rawData" : [
                    [
                        1.4336
                    ]
                ]
            },
            "lookupRoutingSingle·p0.90" : {
                "score" : 1.708032,
                "scoreError" : "NaN",
                "scoreConfidence" : [
                    "NaN",
                    "NaN"
                ],
                "scorePercentiles" : {
                    "0.0" : 1.708032,
                    "50.0" : 1.708032,
                    "90.0" : 1.708032,
                    "95.0" : 1.708032,
                    "99.0" : 1.708032,
                    "99.9" : 1.708032,
                    "99.99" : 1.708032,
                    "99.999" : 1.708032,
                    "99.9999" : 1.708032,
                    "100.0" : 1.708032
                },
                "scoreUnit" : "ms/op",
                "rawData" : [
                    [
                        1.708032
                    ]
                ]
            },
            "lookupRoutingSingle·p0.95" : {
                "score" : 1.804288,
                "scoreError" : "NaN",
                "scoreConfidence" : [
                    "NaN",
                    "NaN"
                ],
                "scorePercentiles" : {
                    "0.0" : 1.804288,
                    "50.0" : 1.804288,
                    "90.0" : 1.804288,
                    "95.0" : 1.804288,
                    "99.0" : 1.804288,
                    "99.9" : 1.804288,
                    "99.99" : 1.804288,
                    "99.999" : 1.804288,
                    "99.9999" : 1.804288,
                    "100.0" : 1.804288
                },
                "scoreUnit" : "ms/op",
                "rawData" : [
                    [
                        1.804288
                    ]
                ]
            },
            "lookupRoutingSingle·p0.99" : {
                "score" : 2.105344,
                "scoreError" : "NaN",
                "scoreConfidence" : [
                    "NaN",
                    "NaN"
                ],
                "scorePercentiles" : {
                    "0.0" : 2.105344,
                    "50.0" : 2.105344,
                    "90.0" : 2.105344,
                    "95.0" : 2.105344,
                    "99.0" : 2.105344,
                    "99.9" : 2.105344,
                    "99.99" : 2.105344,
                    "99.999" : 2.105344,
                    "99.9999" : 2.105344,
                    "100.0" : 2.105344
                },
                "scoreUnit" : "ms/op",
                "rawData" : [
                    [
                        2.105344
                    ]
                ]
            },
            "lookupRoutingSingle·p0.999" : {
                "score" : 6.626656256000518,
                "scoreError" : "NaN",
                "scoreConfidence" : [
                    "NaN",
                    "NaN"
                ],
                "scorePercentiles" : {
                    "0.0" : 6.626656256000518,
                    "50.0" : 6.626656256000518,
                    "90.0" : 6.626656256000518,
                    "95.0" : 6.626656256000518,
                    "99.0" : 6.626656256000518,
                    "99.9" : 6.626656256000518,
                    "99.99" : 6.626656256000518,
                    "99.999" : 6.626656256000518,
                    "99.9999" : 6.626656256000518,
                    "100.0" : 6.626656256000518
                },
                "scoreUnit" : "ms/op",
                "rawData" : [
                    [
                        6.626656256000518
                    ]
                ]
            },
            "lookupRoutingSingle·p0.9999" : {
                "score" : 26.94652231679344,
                "scoreError" : "NaN",
                "scoreConfidence" : [
                    "NaN",
                    "NaN"
                ],
                "scorePercentiles" : {
                    "0.0" : 26.94652231679344,
                    "50.0" : 26.94652231679344,
                    "90.0" : 26.94652231679344,
                    "95.0" : 26.94652231679344,
                    "99.0" : 26.94652231679344,
                    "99.9" : 26.94652231679344,
                    "99.99" : 26.94652231679344,
                    "99.999" : 26.94652231679344,
                    "99.9999" : 26.94652231679344,
                    "100.0" : 26.94652231679344
                },
                "scoreUnit" : "ms/op",
                "rawData" : [
                    [
                        26.94652231679344
                    ]
                ]
            },
            "lookupRoutingSingle·p1.00" : {
                "score" : 4504.682495999999,
                "scoreError" : "NaN",
                "scoreConfidence" : [
                    "NaN",
                    "NaN"
                ],
                "scorePercentiles" : {
                    "0.0" : 4504.682495999999,
                    "50.0" : 4504.682495999999,
                    "90.0" : 4504.682495999999,
                    "95.0" : 4504.682495999999,
                    "99.0" : 4504.682495999999,
                    "99.9" : 4504.682495999999,
                    "99.99" : 4504.682495999999,
                    "99.999" : 4504.682495999999,
                    "99.9999" : 4504.682495999999,
                    "100.0" : 4504.682495999999
                },
                "scoreUnit" : "ms/op",
                "rawData" : [
                    [
                        4504.682495999999
                    ]
                ]
            }
        }
    }
]


