[
    {
        "jmhVersion" : "1.21",
        "benchmark" : "com.adobe.platform.core.identity.services.cosmosdb.client.benchmark.jmh.ReadBenchmark.lookupRoutingSingle",
        "mode" : "sample",
        "threads" : 1,
        "forks" : 1,
        "jvm" : "/usr/java/jdk1.8.0_181-amd64/jre/bin/java",
        "jvmArgs" : [
            "-Xmx8G"
        ],
        "jdkVersion" : "1.8.0_181",
        "vmName" : "Java HotSpot(TM) 64-Bit Server VM",
        "vmVersion" : "25.181-b13",
        "warmupIterations" : 1,
        "warmupTime" : "60 s",
        "warmupBatchSize" : 1,
        "measurementIterations" : 1,
        "measurementTime" : "300 s",
        "measurementBatchSize" : 1,
        "params" : {
            "cosmosClientType" : "SYNC"
        },
        "primaryMetric" : {
            "score" : 1.3763045863104792,
            "scoreError" : 0.014015169460929636,
            "scoreConfidence" : [
                1.3622894168495496,
                1.3903197557714089
            ],
            "scorePercentiles" : {
                "0.0" : 0.743424,
                "50.0" : 1.316864,
                "90.0" : 1.5749119999999999,
                "95.0" : 1.6670719999999999,
                "99.0" : 2.000896,
                "99.9" : 7.557693440000056,
                "99.99" : 79.86760908792114,
                "99.999" : 307.87080028155515,
                "99.9999" : 471.8592,
                "100.0" : 471.8592
            },
            "scoreUnit" : "ms/op",
            "rawDataHistogram" : [
                [
                    [
                        [ 0.743424, 1 ],
                        [ 0.761856, 1 ],
                        [ 0.801792, 1 ],
                        [ 0.80384, 1 ],
                        [ 0.8151039999999999, 1 ],
                        [ 0.8243199999999999, 1 ],
                        [ 0.825344, 1 ],
                        [ 0.826368, 1 ],
                        [ 0.827392, 1 ],
                        [ 0.82944, 1 ],
                        [ 0.835584, 1 ],
                        [ 0.8376319999999999, 1 ],
                        [ 0.8417279999999999, 1 ],
                        [ 0.842752, 1 ],
                        [ 0.8448, 1 ],
                        [ 0.847872, 2 ],
                        [ 0.84992, 1 ],
                        [ 0.851968, 2 ],
                        [ 0.852992, 1 ],
                        [ 0.8550399999999999, 2 ],
                        [ 0.857088, 2 ],
                        [ 0.858112, 1 ],
                        [ 0.862208, 2 ],
                        [ 0.863232, 1 ],
                        [ 0.8642559999999999, 1 ],
                        [ 0.8652799999999999, 1 ],
                        [ 0.866304, 2 ],
                        [ 0.867328, 3 ],
                        [ 0.8693759999999999, 1 ],
                        [ 0.8704, 1 ],
                        [ 0.871424, 2 ],
                        [ 0.872448, 3 ],
                        [ 0.8734719999999999, 2 ],
                        [ 0.8744959999999999, 2 ],
                        [ 0.876544, 2 ],
                        [ 0.877568, 2 ],
                        [ 0.8785919999999999, 4 ],
                        [ 0.879616, 5 ],
                        [ 0.88064, 1 ],
                        [ 0.881664, 5 ],
                        [ 0.8826879999999999, 3 ],
                        [ 0.8837119999999999, 1 ],
                        [ 0.884736, 7 ],
                        [ 0.88576, 2 ],
                        [ 0.8867839999999999, 4 ],
                        [ 0.8878079999999999, 4 ],
                        [ 0.888832, 5 ],
                        [ 0.889856, 5 ],
                        [ 0.89088, 4 ],
                        [ 0.8919039999999999, 3 ],
                        [ 0.8929279999999999, 4 ],
                        [ 0.893952, 5 ],
                        [ 0.894976, 2 ],
                        [ 0.8959999999999999, 2 ],
                        [ 0.8970239999999999, 7 ],
                        [ 0.898048, 2 ],
                        [ 0.899072, 5 ],
                        [ 0.900096, 5 ],
                        [ 0.9011199999999999, 3 ],
                        [ 0.902144, 7 ],
                        [ 0.903168, 4 ],
                        [ 0.904192, 5 ],
                        [ 0.9052159999999999, 4 ],
                        [ 0.9062399999999999, 7 ],
                        [ 0.907264, 4 ],
                        [ 0.908288, 6 ],
                        [ 0.909312, 9 ],
                        [ 0.9103359999999999, 10 ],
                        [ 0.91136, 5 ],
                        [ 0.912384, 7 ],
                        [ 0.913408, 8 ],
                        [ 0.9144319999999999, 6 ],
                        [ 0.9154559999999999, 5 ],
                        [ 0.91648, 9 ],
                        [ 0.917504, 4 ],
                        [ 0.918528, 7 ],
                        [ 0.9195519999999999, 3 ],
                        [ 0.920576, 7 ],
                        [ 0.9216, 10 ],
                        [ 0.922624, 8 ],
                        [ 0.9236479999999999, 12 ],
                        [ 0.9246719999999999, 11 ],
                        [ 0.925696, 9 ],
                        [ 0.92672, 7 ],
                        [ 0.927744, 11 ],
                        [ 0.9287679999999999, 18 ],
                        [ 0.929792, 7 ],
                        [ 0.930816, 7 ],
                        [ 0.93184, 9 ],
                        [ 0.9328639999999999, 12 ],
                        [ 0.9338879999999999, 7 ],
                        [ 0.934912, 9 ],
                        [ 0.935936, 21 ],
                        [ 0.9369599999999999, 11 ],
                        [ 0.9379839999999999, 20 ],
                        [ 0.939008, 13 ],
                        [ 0.940032, 11 ],
                        [ 0.941056, 13 ],
                        [ 0.9420799999999999, 12 ],
                        [ 0.9431039999999999, 19 ],
                        [ 0.944128, 20 ],
                        [ 0.945152, 12 ],
                        [ 0.9461759999999999, 17 ],
                        [ 0.9471999999999999, 17 ],
                        [ 0.948224, 14 ],
                        [ 0.949248, 19 ],
                        [ 0.950272, 29 ],
                        [ 0.9512959999999999, 21 ],
                        [ 0.9523199999999999, 17 ],
                        [ 0.953344, 15 ],
                        [ 0.954368, 23 ],
                        [ 0.9553919999999999, 26 ],
                        [ 0.9564159999999999, 22 ],
                        [ 0.95744, 20 ],
                        [ 0.958464, 18 ],
                        [ 0.959488, 23 ],
                        [ 0.9605119999999999, 23 ],
                        [ 0.961536, 24 ],
                        [ 0.96256, 17 ],
                        [ 0.963584, 31 ],
                        [ 0.9646079999999999, 32 ],
                        [ 0.9656319999999999, 26 ],
                        [ 0.966656, 38 ],
                        [ 0.96768, 28 ],
                        [ 0.968704, 26 ],
                        [ 0.9697279999999999, 22 ],
                        [ 0.970752, 24 ],
                        [ 0.971776, 32 ],
                        [ 0.9728, 41 ],
                        [ 0.9738239999999999, 32 ],
                        [ 0.9748479999999999, 50 ],
                        [ 0.975872, 37 ],
                        [ 0.976896, 39 ],
                        [ 0.9779199999999999, 34 ],
                        [ 0.9789439999999999, 31 ],
                        [ 0.979968, 42 ],
                        [ 0.980992, 38 ],
                        [ 0.982016, 37 ],
                        [ 0.9830399999999999, 30 ],
                        [ 0.9840639999999999, 44 ],
                        [ 0.985088, 41 ],
                        [ 0.986112, 43 ],
                        [ 0.9871359999999999, 40 ],
                        [ 0.9881599999999999, 48 ],
                        [ 0.989184, 45 ],
                        [ 0.990208, 45 ],
                        [ 0.991232, 47 ],
                        [ 0.9922559999999999, 61 ],
                        [ 0.9932799999999999, 44 ],
                        [ 0.994304, 41 ],
                        [ 0.995328, 48 ],
                        [ 0.9963519999999999, 77 ],
                        [ 0.9973759999999999, 53 ],
                        [ 0.9984, 61 ],
                        [ 0.999424, 50 ],
                        [ 1.000448, 72 ],
                        [ 1.001472, 43 ],
                        [ 1.002496, 63 ],
                        [ 1.00352, 58 ],
                        [ 1.0045439999999999, 65 ],
                        [ 1.005568, 67 ],
                        [ 1.006592, 55 ],
                        [ 1.0076159999999998, 62 ],
                        [ 1.00864, 63 ],
                        [ 1.009664, 75 ],
                        [ 1.010688, 76 ],
                        [ 1.011712, 55 ],
                        [ 1.0127359999999999, 68 ],
                        [ 1.01376, 79 ],
                        [ 1.014784, 85 ],
                        [ 1.015808, 59 ],
                        [ 1.016832, 68 ],
                        [ 1.0178559999999999, 78 ],
                        [ 1.01888, 79 ],
                        [ 1.019904, 63 ],
                        [ 1.020928, 76 ],
                        [ 1.021952, 98 ],
                        [ 1.0229759999999999, 83 ],
                        [ 1.024, 78 ],
                        [ 1.025024, 88 ],
                        [ 1.0260479999999998, 94 ],
                        [ 1.027072, 101 ],
                        [ 1.028096, 95 ],
                        [ 1.02912, 93 ],
                        [ 1.030144, 105 ],
                        [ 1.0311679999999999, 107 ],
                        [ 1.032192, 87 ],
                        [ 1.033216, 101 ],
                        [ 1.03424, 101 ],
                        [ 1.035264, 111 ],
                        [ 1.0362879999999999, 85 ],
                        [ 1.037312, 90 ],
                        [ 1.038336, 104 ],
                        [ 1.03936, 131 ],
                        [ 1.040384, 112 ],
                        [ 1.041408, 121 ],
                        [ 1.042432, 102 ],
                        [ 1.043456, 121 ],
                        [ 1.0444799999999999, 105 ],
                        [ 1.045504, 112 ],
                        [ 1.046528, 103 ],
                        [ 1.047552, 148 ],
                        [ 1.048576, 228 ],
                        [ 1.050624, 293 ],
                        [ 1.052672, 267 ],
                        [ 1.0547199999999999, 281 ],
                        [ 1.056768, 254 ],
                        [ 1.058816, 299 ],
                        [ 1.060864, 275 ],
                        [ 1.0629119999999999, 299 ],
                        [ 1.06496, 314 ],
                        [ 1.067008, 317 ],
                        [ 1.069056, 346 ],
                        [ 1.071104, 308 ],
                        [ 1.0731519999999999, 342 ],
                        [ 1.0752, 337 ],
                        [ 1.077248, 377 ],
                        [ 1.079296, 370 ],
                        [ 1.0813439999999999, 404 ],
                        [ 1.083392, 351 ],
                        [ 1.08544, 448 ],
                        [ 1.087488, 401 ],
                        [ 1.089536, 424 ],
                        [ 1.0915839999999999, 378 ],
                        [ 1.093632, 444 ],
                        [ 1.09568, 410 ],
                        [ 1.097728, 469 ],
                        [ 1.0997759999999999, 436 ],
                        [ 1.101824, 479 ],
                        [ 1.103872, 453 ],
                        [ 1.10592, 461 ],
                        [ 1.1079679999999998, 478 ],
                        [ 1.110016, 467 ],
                        [ 1.112064, 487 ],
                        [ 1.114112, 526 ],
                        [ 1.11616, 571 ],
                        [ 1.1182079999999999, 538 ],
                        [ 1.120256, 543 ],
                        [ 1.122304, 514 ],
                        [ 1.124352, 593 ],
                        [ 1.1263999999999998, 523 ],
                        [ 1.128448, 621 ],
                        [ 1.130496, 602 ],
                        [ 1.132544, 611 ],
                        [ 1.134592, 591 ],
                        [ 1.1366399999999999, 663 ],
                        [ 1.138688, 638 ],
                        [ 1.140736, 679 ],
                        [ 1.142784, 608 ],
                        [ 1.1448319999999998, 686 ],
                        [ 1.14688, 667 ],
                        [ 1.148928, 731 ],
                        [ 1.150976, 650 ],
                        [ 1.153024, 694 ],
                        [ 1.1550719999999999, 712 ],
                        [ 1.15712, 750 ],
                        [ 1.159168, 785 ],
                        [ 1.161216, 723 ],
                        [ 1.1632639999999999, 783 ],
                        [ 1.165312, 757 ],
                        [ 1.16736, 775 ],
                        [ 1.169408, 764 ],
                        [ 1.171456, 779 ],
                        [ 1.1735039999999999, 775 ],
                        [ 1.175552, 830 ],
                        [ 1.1776, 823 ],
                        [ 1.179648, 883 ],
                        [ 1.1816959999999999, 757 ],
                        [ 1.183744, 887 ],
                        [ 1.185792, 867 ],
                        [ 1.18784, 920 ],
                        [ 1.189888, 860 ],
                        [ 1.1919359999999999, 969 ],
                        [ 1.193984, 880 ],
                        [ 1.196032, 939 ],
                        [ 1.19808, 922 ],
                        [ 1.2001279999999999, 921 ],
                        [ 1.202176, 909 ],
                        [ 1.204224, 933 ],
                        [ 1.206272, 930 ],
                        [ 1.2083199999999998, 937 ],
                        [ 1.2103679999999999, 944 ],
                        [ 1.212416, 1016 ],
                        [ 1.214464, 1051 ],
                        [ 1.216512, 983 ],
                        [ 1.2185599999999999, 984 ],
                        [ 1.220608, 901 ],
                        [ 1.222656, 1059 ],
                        [ 1.224704, 930 ],
                        [ 1.2267519999999998, 1020 ],
                        [ 1.2288, 957 ],
                        [ 1.230848, 990 ],
                        [ 1.232896, 1002 ],
                        [ 1.234944, 1061 ],
                        [ 1.2369919999999999, 1059 ],
                        [ 1.23904, 1088 ],
                        [ 1.241088, 1060 ],
                        [ 1.243136, 1068 ],
                        [ 1.2451839999999998, 995 ],
                        [ 1.247232, 1106 ],
                        [ 1.24928, 1082 ],
                        [ 1.251328, 1039 ],
                        [ 1.253376, 1067 ],
                        [ 1.2554239999999999, 1101 ],
                        [ 1.257472, 1076 ],
                        [ 1.25952, 1077 ],
                        [ 1.261568, 1105 ],
                        [ 1.2636159999999999, 1059 ],
                        [ 1.265664, 1156 ],
                        [ 1.267712, 1061 ],
                        [ 1.26976, 1094 ],
                        [ 1.271808, 1107 ],
                        [ 1.2738559999999999, 1100 ],
                        [ 1.275904, 1033 ],
                        [ 1.277952, 1108 ],
                        [ 1.28, 1029 ],
                        [ 1.2820479999999999, 1109 ],
                        [ 1.284096, 1026 ],
                        [ 1.286144, 1051 ],
                        [ 1.288192, 1057 ],
                        [ 1.2902399999999998, 1111 ],
                        [ 1.2922879999999999, 1138 ],
                        [ 1.294336, 1181 ],
                        [ 1.296384, 1093 ],
                        [ 1.298432, 1097 ],
                        [ 1.3004799999999999, 1159 ],
                        [ 1.302528, 1084 ],
                        [ 1.304576, 1122 ],
                        [ 1.306624, 1051 ],
                        [ 1.3086719999999998, 1120 ],
                        [ 1.3107199999999999, 1050 ],
                        [ 1.312768, 1096 ],
                        [ 1.314816, 1010 ],
                        [ 1.316864, 1051 ],
                        [ 1.3189119999999999, 1037 ],
                        [ 1.32096, 1102 ],
                        [ 1.323008, 1029 ],
                        [ 1.325056, 1111 ],
                        [ 1.3271039999999998, 1032 ],
                        [ 1.329152, 1060 ],
                        [ 1.3312, 1000 ],
                        [ 1.333248, 1034 ],
                        [ 1.335296, 982 ],
                        [ 1.3373439999999999, 1076 ],
                        [ 1.339392, 958 ],
                        [ 1.34144, 1037 ],
                        [ 1.343488, 957 ],
                        [ 1.3455359999999998, 983 ],
                        [ 1.347584, 1023 ],
                        [ 1.349632, 965 ],
                        [ 1.35168, 996 ],
                        [ 1.353728, 1031 ],
                        [ 1.3557759999999999, 964 ],
                        [ 1.357824, 956 ],
                        [ 1.359872, 955 ],
                        [ 1.36192, 927 ],
                        [ 1.3639679999999998, 904 ],
                        [ 1.366016, 859 ],
                        [ 1.368064, 1027 ],
                        [ 1.370112, 897 ],
                        [ 1.37216, 942 ],
                        [ 1.3742079999999999, 854 ],
                        [ 1.376256, 892 ],
                        [ 1.378304, 890 ],
                        [ 1.380352, 906 ],
                        [ 1.3823999999999999, 833 ],
                        [ 1.384448, 849 ],
                        [ 1.386496, 815 ],
                        [ 1.388544, 871 ],
                        [ 1.3905919999999998, 832 ],
                        [ 1.3926399999999999, 864 ],
                        [ 1.394688, 873 ],
                        [ 1.396736, 820 ],
                        [ 1.398784, 835 ],
                        [ 1.4008319999999999, 754 ],
                        [ 1.40288, 843 ],
                        [ 1.404928, 785 ],
                        [ 1.406976, 784 ],
                        [ 1.4090239999999998, 767 ],
                        [ 1.4110719999999999, 818 ],
                        [ 1.41312, 810 ],
                        [ 1.415168, 853 ],
                        [ 1.417216, 774 ],
                        [ 1.4192639999999999, 787 ],
                        [ 1.421312, 692 ],
                        [ 1.42336, 776 ],
                        [ 1.425408, 726 ],
                        [ 1.4274559999999998, 761 ],
                        [ 1.4295039999999999, 734 ],
                        [ 1.431552, 729 ],
                        [ 1.4336, 718 ],
                        [ 1.435648, 756 ],
                        [ 1.4376959999999999, 671 ],
                        [ 1.439744, 678 ],
                        [ 1.441792, 669 ],
                        [ 1.44384, 651 ],
                        [ 1.4458879999999998, 729 ],
                        [ 1.447936, 631 ],
                        [ 1.449984, 703 ],
                        [ 1.452032, 662 ],
                        [ 1.45408, 674 ],
                        [ 1.4561279999999999, 610 ],
                        [ 1.458176, 654 ],
                        [ 1.460224, 652 ],
                        [ 1.462272, 655 ],
                        [ 1.4643199999999998, 613 ],
                        [ 1.466368, 631 ],
                        [ 1.468416, 574 ],
                        [ 1.470464, 637 ],
                        [ 1.472512, 578 ],
                        [ 1.4745599999999999, 594 ],
                        [ 1.476608, 625 ],
                        [ 1.478656, 597 ],
                        [ 1.480704, 573 ],
                        [ 1.4827519999999998, 584 ],
                        [ 1.4848, 549 ],
                        [ 1.486848, 575 ],
                        [ 1.488896, 529 ],
                        [ 1.4909439999999998, 517 ],
                        [ 1.4929919999999999, 553 ],
                        [ 1.49504, 518 ],
                        [ 1.497088, 573 ],
                        [ 1.499136, 539 ],
                        [ 1.5011839999999999, 525 ],
                        [ 1.503232, 489 ],
                        [ 1.50528, 547 ],
                        [ 1.507328, 497 ],
                        [ 1.5093759999999998, 519 ],
                        [ 1.5114239999999999, 510 ],
                        [ 1.513472, 488 ],
                        [ 1.51552, 464 ],
                        [ 1.517568, 474 ],
                        [ 1.5196159999999999, 462 ],
                        [ 1.521664, 465 ],
                        [ 1.523712, 475 ],
                        [ 1.52576, 477 ],
                        [ 1.5278079999999998, 431 ],
                        [ 1.5298559999999999, 459 ],
                        [ 1.531904, 425 ],
                        [ 1.533952, 447 ],
                        [ 1.536, 421 ],
                        [ 1.5380479999999999, 411 ],
                        [ 1.540096, 426 ],
                        [ 1.542144, 401 ],
                        [ 1.544192, 392 ],
                        [ 1.5462399999999998, 394 ],
                        [ 1.5482879999999999, 408 ],
                        [ 1.550336, 366 ],
                        [ 1.552384, 381 ],
                        [ 1.554432, 370 ],
                        [ 1.5564799999999999, 381 ],
                        [ 1.558528, 363 ],
                        [ 1.560576, 363 ],
                        [ 1.562624, 371 ],
                        [ 1.5646719999999998, 370 ],
                        [ 1.56672, 333 ],
                        [ 1.568768, 376 ],
                        [ 1.570816, 325 ],
                        [ 1.572864, 307 ],
                        [ 1.5749119999999999, 339 ],
                        [ 1.57696, 332 ],
                        [ 1.579008, 283 ],
                        [ 1.581056, 327 ],
                        [ 1.5831039999999998, 320 ],
                        [ 1.585152, 294 ],
                        [ 1.5872, 316 ],
                        [ 1.589248, 288 ],
                        [ 1.5912959999999998, 320 ],
                        [ 1.5933439999999999, 280 ],
                        [ 1.595392, 292 ],
                        [ 1.59744, 285 ],
                        [ 1.599488, 286 ],
                        [ 1.6015359999999998, 280 ],
                        [ 1.603584, 282 ],
                        [ 1.605632, 302 ],
                        [ 1.60768, 257 ],
                        [ 1.6097279999999998, 265 ],
                        [ 1.6117759999999999, 278 ],
                        [ 1.613824, 250 ],
                        [ 1.615872, 276 ],
                        [ 1.61792, 252 ],
                        [ 1.6199679999999999, 241 ],
                        [ 1.622016, 227 ],
                        [ 1.624064, 230 ],
                        [ 1.626112, 224 ],
                        [ 1.6281599999999998, 243 ],
                        [ 1.6302079999999999, 219 ],
                        [ 1.632256, 236 ],
                        [ 1.634304, 215 ],
                        [ 1.636352, 191 ],
                        [ 1.6383999999999999, 208 ],
                        [ 1.640448, 205 ],
                        [ 1.642496, 190 ],
                        [ 1.644544, 169 ],
                        [ 1.6465919999999998, 204 ],
                        [ 1.6486399999999999, 198 ],
                        [ 1.650688, 221 ],
                        [ 1.652736, 160 ],
                        [ 1.654784, 182 ],
                        [ 1.6568319999999999, 172 ],
                        [ 1.65888, 197 ],
                        [ 1.660928, 154 ],
                        [ 1.662976, 190 ],
                        [ 1.6650239999999998, 172 ],
                        [ 1.6670719999999999, 160 ],
                        [ 1.66912, 174 ],
                        [ 1.671168, 170 ],
                        [ 1.6732159999999998, 146 ],
                        [ 1.6752639999999999, 144 ],
                        [ 1.677312, 143 ],
                        [ 1.67936, 166 ],
                        [ 1.681408, 142 ],
                        [ 1.6834559999999998, 135 ],
                        [ 1.685504, 144 ],
                        [ 1.687552, 131 ],
                        [ 1.6896, 145 ],
                        [ 1.6916479999999998, 138 ],
                        [ 1.6936959999999999, 142 ],
                        [ 1.695744, 129 ],
                        [ 1.697792, 127 ],
                        [ 1.69984, 126 ],
                        [ 1.7018879999999998, 124 ],
                        [ 1.703936, 126 ],
                        [ 1.705984, 141 ],
                        [ 1.708032, 121 ],
                        [ 1.7100799999999998, 118 ],
                        [ 1.7121279999999999, 95 ],
                        [ 1.714176, 129 ],
                        [ 1.716224, 83 ],
                        [ 1.718272, 130 ],
                        [ 1.7203199999999998, 88 ],
                        [ 1.722368, 117 ],
                        [ 1.724416, 95 ],
                        [ 1.726464, 102 ],
                        [ 1.7285119999999998, 88 ],
                        [ 1.7305599999999999, 105 ],
                        [ 1.732608, 105 ],
                        [ 1.734656, 71 ],
                        [ 1.736704, 109 ],
                        [ 1.7387519999999999, 89 ],
                        [ 1.7408, 87 ],
                        [ 1.742848, 85 ],
                        [ 1.744896, 78 ],
                        [ 1.7469439999999998, 76 ],
                        [ 1.7489919999999999, 84 ],
                        [ 1.75104, 73 ],
                        [ 1.753088, 81 ],
                        [ 1.755136, 79 ],
                        [ 1.7571839999999999, 71 ],
                        [ 1.759232, 77 ],
                        [ 1.76128, 74 ],
                        [ 1.763328, 85 ],
                        [ 1.7653759999999998, 78 ],
                        [ 1.7674239999999999, 72 ],
                        [ 1.769472, 70 ],
                        [ 1.77152, 45 ],
                        [ 1.7735679999999998, 77 ],
                        [ 1.7756159999999999, 52 ],
                        [ 1.777664, 63 ],
                        [ 1.779712, 49 ],
                        [ 1.78176, 63 ],
                        [ 1.7838079999999998, 55 ],
                        [ 1.7858559999999999, 55 ],
                        [ 1.787904, 52 ],
                        [ 1.789952, 51 ],
                        [ 1.7919999999999998, 48 ],
                        [ 1.7940479999999999, 56 ],
                        [ 1.796096, 56 ],
                        [ 1.798144, 48 ],
                        [ 1.800192, 59 ],
                        [ 1.8022399999999998, 50 ],
                        [ 1.804288, 52 ],
                        [ 1.806336, 46 ],
                        [ 1.808384, 46 ],
                        [ 1.8104319999999998, 57 ],
                        [ 1.8124799999999999, 57 ],
                        [ 1.814528, 41 ],
                        [ 1.816576, 43 ],
                        [ 1.818624, 38 ],
                        [ 1.8206719999999998, 37 ],
                        [ 1.82272, 42 ],
                        [ 1.824768, 44 ],
                        [ 1.826816, 38 ],
                        [ 1.8288639999999998, 44 ],
                        [ 1.8309119999999999, 41 ],
                        [ 1.83296, 38 ],
                        [ 1.835008, 39 ],
                        [ 1.837056, 31 ],
                        [ 1.8391039999999998, 42 ],
                        [ 1.841152, 37 ],
                        [ 1.8432, 30 ],
                        [ 1.845248, 32 ],
                        [ 1.8472959999999998, 35 ],
                        [ 1.8493439999999999, 32 ],
                        [ 1.851392, 28 ],
                        [ 1.85344, 29 ],
                        [ 1.855488, 31 ],
                        [ 1.8575359999999999, 31 ],
                        [ 1.859584, 26 ],
                        [ 1.861632, 20 ],
                        [ 1.86368, 26 ],
                        [ 1.8657279999999998, 29 ],
                        [ 1.8677759999999999, 26 ],
                        [ 1.869824, 23 ],
                        [ 1.871872, 28 ],
                        [ 1.8739199999999998, 20 ],
                        [ 1.8759679999999999, 24 ],
                        [ 1.878016, 28 ],
                        [ 1.880064, 21 ],
                        [ 1.882112, 23 ],
                        [ 1.8841599999999998, 23 ],
                        [ 1.8862079999999999, 26 ],
                        [ 1.888256, 22 ],
                        [ 1.890304, 22 ],
                        [ 1.8923519999999998, 31 ],
                        [ 1.8943999999999999, 21 ],
                        [ 1.896448, 15 ],
                        [ 1.898496, 25 ],
                        [ 1.900544, 19 ],
                        [ 1.9025919999999998, 22 ],
                        [ 1.9046399999999999, 20 ],
                        [ 1.906688, 19 ],
                        [ 1.908736, 18 ],
                        [ 1.9107839999999998, 21 ],
                        [ 1.9128319999999999, 15 ],
                        [ 1.91488, 22 ],
                        [ 1.916928, 15 ],
                        [ 1.918976, 28 ],
                        [ 1.9210239999999998, 24 ],
                        [ 1.923072, 25 ],
                        [ 1.92512, 17 ],
                        [ 1.927168, 8 ],
                        [ 1.9292159999999998, 22 ],
                        [ 1.9312639999999999, 17 ],
                        [ 1.933312, 15 ],
                        [ 1.93536, 14 ],
                        [ 1.937408, 22 ],
                        [ 1.9394559999999998, 15 ],
                        [ 1.941504, 18 ],
                        [ 1.943552, 14 ],
                        [ 1.9456, 14 ],
                        [ 1.9476479999999998, 11 ],
                        [ 1.9496959999999999, 14 ],
                        [ 1.951744, 7 ],
                        [ 1.953792, 13 ],
                        [ 1.9558399999999998, 12 ],
                        [ 1.9578879999999999, 17 ],
                        [ 1.959936, 14 ],
                        [ 1.961984, 12 ],
                        [ 1.964032, 11 ],
                        [ 1.9660799999999998, 9 ],
                        [ 1.9681279999999999, 12 ],
                        [ 1.970176, 18 ],
                        [ 1.972224, 14 ],
                        [ 1.9742719999999998, 10 ],
                        [ 1.9763199999999999, 19 ],
                        [ 1.978368, 10 ],
                        [ 1.980416, 9 ],
                        [ 1.982464, 8 ],
                        [ 1.9845119999999998, 6 ],
                        [ 1.9865599999999999, 9 ],
                        [ 1.988608, 13 ],
                        [ 1.990656, 1 ],
                        [ 1.9927039999999998, 11 ],
                        [ 1.9947519999999999, 7 ],
                        [ 1.9968, 8 ],
                        [ 1.998848, 11 ],
                        [ 2.000896, 13 ],
                        [ 2.002944, 5 ],
                        [ 2.004992, 12 ],
                        [ 2.00704, 11 ],
                        [ 2.0090879999999998, 7 ],
                        [ 2.011136, 8 ],
                        [ 2.013184, 11 ],
                        [ 2.0152319999999997, 12 ],
                        [ 2.01728, 7 ],
                        [ 2.019328, 11 ],
                        [ 2.021376, 8 ],
                        [ 2.023424, 16 ],
                        [ 2.0254719999999997, 8 ],
                        [ 2.02752, 9 ],
                        [ 2.029568, 7 ],
                        [ 2.031616, 5 ],
                        [ 2.033664, 10 ],
                        [ 2.0357119999999997, 9 ],
                        [ 2.03776, 8 ],
                        [ 2.039808, 6 ],
                        [ 2.041856, 7 ],
                        [ 2.043904, 7 ],
                        [ 2.0459519999999998, 4 ],
                        [ 2.048, 11 ],
                        [ 2.050048, 5 ],
                        [ 2.0520959999999997, 8 ],
                        [ 2.054144, 10 ],
                        [ 2.056192, 6 ],
                        [ 2.05824, 3 ],
                        [ 2.060288, 6 ],
                        [ 2.0623359999999997, 6 ],
                        [ 2.064384, 7 ],
                        [ 2.066432, 6 ],
                        [ 2.06848, 5 ],
                        [ 2.070528, 3 ],
                        [ 2.0725759999999998, 2 ],
                        [ 2.074624, 7 ],
                        [ 2.076672, 6 ],
                        [ 2.07872, 10 ],
                        [ 2.080768, 6 ],
                        [ 2.082816, 5 ],
                        [ 2.084864, 6 ],
                        [ 2.086912, 6 ],
                        [ 2.0889599999999997, 3 ],
                        [ 2.091008, 5 ],
                        [ 2.093056, 4 ],
                        [ 2.095104, 6 ],
                        [ 2.097152, 12 ],
                        [ 2.101248, 9 ],
                        [ 2.105344, 10 ],
                        [ 2.1094399999999998, 9 ],
                        [ 2.113536, 10 ],
                        [ 2.117632, 6 ],
                        [ 2.121728, 9 ],
                        [ 2.1258239999999997, 11 ],
                        [ 2.12992, 7 ],
                        [ 2.134016, 8 ],
                        [ 2.138112, 9 ],
                        [ 2.142208, 12 ],
                        [ 2.1463039999999998, 7 ],
                        [ 2.1504, 11 ],
                        [ 2.154496, 9 ],
                        [ 2.158592, 11 ],
                        [ 2.1626879999999997, 12 ],
                        [ 2.166784, 6 ],
                        [ 2.17088, 8 ],
                        [ 2.174976, 5 ],
                        [ 2.179072, 7 ],
                        [ 2.1831679999999998, 9 ],
                        [ 2.187264, 9 ],
                        [ 2.19136, 9 ],
                        [ 2.195456, 8 ],
                        [ 2.1995519999999997, 6 ],
                        [ 2.203648, 7 ],
                        [ 2.207744, 14 ],
                        [ 2.21184, 10 ],
                        [ 2.2159359999999997, 2 ],
                        [ 2.220032, 5 ],
                        [ 2.224128, 4 ],
                        [ 2.228224, 6 ],
                        [ 2.23232, 6 ],
                        [ 2.2364159999999997, 8 ],
                        [ 2.240512, 6 ],
                        [ 2.244608, 7 ],
                        [ 2.248704, 12 ],
                        [ 2.2527999999999997, 2 ],
                        [ 2.256896, 2 ],
                        [ 2.260992, 1 ],
                        [ 2.265088, 10 ],
                        [ 2.269184, 3 ],
                        [ 2.2732799999999997, 6 ],
                        [ 2.277376, 4 ],
                        [ 2.281472, 5 ],
                        [ 2.285568, 5 ],
                        [ 2.2896639999999997, 3 ],
                        [ 2.29376, 6 ],
                        [ 2.297856, 3 ],
                        [ 2.301952, 2 ],
                        [ 2.306048, 4 ],
                        [ 2.3101439999999998, 7 ],
                        [ 2.31424, 2 ],
                        [ 2.318336, 5 ],
                        [ 2.322432, 3 ],
                        [ 2.3265279999999997, 4 ],
                        [ 2.330624, 2 ],
                        [ 2.33472, 6 ],
                        [ 2.338816, 4 ],
                        [ 2.342912, 3 ],
                        [ 2.3470079999999998, 3 ],
                        [ 2.351104, 3 ],
                        [ 2.3552, 4 ],
                        [ 2.359296, 5 ],
                        [ 2.3633919999999997, 8 ],
                        [ 2.367488, 3 ],
                        [ 2.371584, 5 ],
                        [ 2.37568, 3 ],
                        [ 2.379776, 2 ],
                        [ 2.3838719999999998, 6 ],
                        [ 2.387968, 6 ],
                        [ 2.392064, 5 ],
                        [ 2.39616, 3 ],
                        [ 2.4002559999999997, 4 ],
                        [ 2.404352, 4 ],
                        [ 2.408448, 2 ],
                        [ 2.412544, 4 ],
                        [ 2.4166399999999997, 7 ],
                        [ 2.4207359999999998, 1 ],
                        [ 2.424832, 4 ],
                        [ 2.428928, 4 ],
                        [ 2.433024, 3 ],
                        [ 2.4371199999999997, 4 ],
                        [ 2.441216, 5 ],
                        [ 2.445312, 4 ],
                        [ 2.449408, 1 ],
                        [ 2.4535039999999997, 3 ],
                        [ 2.4576, 5 ],
                        [ 2.461696, 4 ],
                        [ 2.465792, 4 ],
                        [ 2.469888, 3 ],
                        [ 2.4739839999999997, 5 ],
                        [ 2.47808, 3 ],
                        [ 2.482176, 2 ],
                        [ 2.486272, 2 ],
                        [ 2.4903679999999997, 3 ],
                        [ 2.494464, 6 ],
                        [ 2.49856, 3 ],
                        [ 2.502656, 5 ],
                        [ 2.506752, 8 ],
                        [ 2.5108479999999997, 4 ],
                        [ 2.514944, 2 ],
                        [ 2.51904, 2 ],
                        [ 2.523136, 1 ],
                        [ 2.5272319999999997, 3 ],
                        [ 2.531328, 3 ],
                        [ 2.535424, 2 ],
                        [ 2.53952, 2 ],
                        [ 2.543616, 5 ],
                        [ 2.5477119999999998, 2 ],
                        [ 2.551808, 4 ],
                        [ 2.555904, 4 ],
                        [ 2.56, 2 ],
                        [ 2.5640959999999997, 2 ],
                        [ 2.568192, 3 ],
                        [ 2.576384, 2 ],
                        [ 2.5804799999999997, 3 ],
                        [ 2.5845759999999998, 3 ],
                        [ 2.588672, 4 ],
                        [ 2.592768, 2 ],
                        [ 2.596864, 6 ],
                        [ 2.6009599999999997, 5 ],
                        [ 2.605056, 5 ],
                        [ 2.609152, 3 ],
                        [ 2.613248, 1 ],
                        [ 2.6173439999999997, 6 ],
                        [ 2.6214399999999998, 2 ],
                        [ 2.625536, 4 ],
                        [ 2.629632, 3 ],
                        [ 2.633728, 3 ],
                        [ 2.6378239999999997, 2 ],
                        [ 2.64192, 3 ],
                        [ 2.646016, 7 ],
                        [ 2.650112, 5 ],
                        [ 2.6542079999999997, 4 ],
                        [ 2.6624, 3 ],
                        [ 2.670592, 1 ],
                        [ 2.6746879999999997, 5 ],
                        [ 2.678784, 3 ],
                        [ 2.68288, 1 ],
                        [ 2.686976, 3 ],
                        [ 2.6910719999999997, 3 ],
                        [ 2.695168, 3 ],
                        [ 2.699264, 1 ],
                        [ 2.70336, 2 ],
                        [ 2.707456, 2 ],
                        [ 2.715648, 3 ],
                        [ 2.719744, 1 ],
                        [ 2.72384, 4 ],
                        [ 2.7279359999999997, 3 ],
                        [ 2.732032, 2 ],
                        [ 2.736128, 5 ],
                        [ 2.740224, 4 ],
                        [ 2.74432, 3 ],
                        [ 2.7484159999999997, 3 ],
                        [ 2.752512, 2 ],
                        [ 2.756608, 2 ],
                        [ 2.760704, 2 ],
                        [ 2.768896, 2 ],
                        [ 2.772992, 1 ],
                        [ 2.777088, 5 ],
                        [ 2.7852799999999998, 3 ],
                        [ 2.789376, 2 ],
                        [ 2.793472, 2 ],
                        [ 2.797568, 2 ],
                        [ 2.8016639999999997, 1 ],
                        [ 2.80576, 2 ],
                        [ 2.809856, 1 ],
                        [ 2.813952, 2 ],
                        [ 2.8180479999999997, 2 ],
                        [ 2.8221439999999998, 1 ],
                        [ 2.82624, 2 ],
                        [ 2.834432, 2 ],
                        [ 2.8385279999999997, 3 ],
                        [ 2.842624, 2 ],
                        [ 2.84672, 2 ],
                        [ 2.850816, 3 ],
                        [ 2.8549119999999997, 4 ],
                        [ 2.8590079999999998, 2 ],
                        [ 2.863104, 3 ],
                        [ 2.871296, 1 ],
                        [ 2.8753919999999997, 5 ],
                        [ 2.879488, 1 ],
                        [ 2.883584, 1 ],
                        [ 2.8917759999999997, 2 ],
                        [ 2.895872, 3 ],
                        [ 2.899968, 4 ],
                        [ 2.904064, 1 ],
                        [ 2.90816, 3 ],
                        [ 2.9122559999999997, 1 ],
                        [ 2.920448, 5 ],
                        [ 2.924544, 4 ],
                        [ 2.9286399999999997, 2 ],
                        [ 2.932736, 1 ],
                        [ 2.936832, 1 ],
                        [ 2.940928, 1 ],
                        [ 2.945024, 2 ],
                        [ 2.9491199999999997, 1 ],
                        [ 2.953216, 1 ],
                        [ 2.957312, 2 ],
                        [ 2.961408, 4 ],
                        [ 2.9655039999999997, 1 ],
                        [ 2.9696, 2 ],
                        [ 2.973696, 2 ],
                        [ 2.977792, 2 ],
                        [ 2.9818879999999996, 2 ],
                        [ 2.9859839999999997, 1 ],
                        [ 2.99008, 3 ],
                        [ 2.994176, 1 ],
                        [ 2.998272, 3 ],
                        [ 3.0023679999999997, 4 ],
                        [ 3.006464, 1 ],
                        [ 3.01056, 1 ],
                        [ 3.014656, 3 ],
                        [ 3.0187519999999997, 2 ],
                        [ 3.0228479999999998, 1 ],
                        [ 3.026944, 1 ],
                        [ 3.03104, 1 ],
                        [ 3.035136, 1 ],
                        [ 3.0392319999999997, 3 ],
                        [ 3.043328, 4 ],
                        [ 3.047424, 1 ],
                        [ 3.05152, 2 ],
                        [ 3.0597119999999998, 3 ],
                        [ 3.063808, 1 ],
                        [ 3.072, 2 ],
                        [ 3.080192, 2 ],
                        [ 3.088384, 3 ],
                        [ 3.0924799999999997, 1 ],
                        [ 3.0965759999999998, 3 ],
                        [ 3.100672, 5 ],
                        [ 3.104768, 1 ],
                        [ 3.1129599999999997, 2 ],
                        [ 3.117056, 1 ],
                        [ 3.13344, 2 ],
                        [ 3.137536, 2 ],
                        [ 3.141632, 2 ],
                        [ 3.145728, 2 ],
                        [ 3.1498239999999997, 1 ],
                        [ 3.15392, 2 ],
                        [ 3.158016, 3 ],
                        [ 3.162112, 2 ],
                        [ 3.1662079999999997, 2 ],
                        [ 3.170304, 2 ],
                        [ 3.178496, 2 ],
                        [ 3.1866879999999997, 2 ],
                        [ 3.190784, 1 ],
                        [ 3.19488, 3 ],
                        [ 3.207168, 1 ],
                        [ 3.21536, 2 ],
                        [ 3.2194559999999997, 1 ],
                        [ 3.2235519999999998, 1 ],
                        [ 3.227648, 2 ],
                        [ 3.23584, 1 ],
                        [ 3.2399359999999997, 1 ],
                        [ 3.244032, 1 ],
                        [ 3.252224, 1 ],
                        [ 3.264512, 3 ],
                        [ 3.268608, 1 ],
                        [ 3.272704, 2 ],
                        [ 3.2767999999999997, 2 ],
                        [ 3.280896, 1 ],
                        [ 3.284992, 2 ],
                        [ 3.289088, 1 ],
                        [ 3.2972799999999998, 1 ],
                        [ 3.301376, 1 ],
                        [ 3.305472, 1 ],
                        [ 3.309568, 1 ],
                        [ 3.3136639999999997, 1 ],
                        [ 3.31776, 1 ],
                        [ 3.321856, 1 ],
                        [ 3.325952, 1 ],
                        [ 3.3300479999999997, 2 ],
                        [ 3.33824, 3 ],
                        [ 3.3464319999999996, 1 ],
                        [ 3.354624, 2 ],
                        [ 3.362816, 3 ],
                        [ 3.3669119999999997, 2 ],
                        [ 3.371008, 2 ],
                        [ 3.375104, 1 ],
                        [ 3.3792, 5 ],
                        [ 3.3832959999999996, 3 ],
                        [ 3.3873919999999997, 2 ],
                        [ 3.391488, 3 ],
                        [ 3.395584, 1 ],
                        [ 3.4037759999999997, 3 ],
                        [ 3.411968, 1 ],
                        [ 3.416064, 1 ],
                        [ 3.4201599999999996, 1 ],
                        [ 3.428352, 1 ],
                        [ 3.436544, 1 ],
                        [ 3.444736, 1 ],
                        [ 3.452928, 2 ],
                        [ 3.4570239999999997, 2 ],
                        [ 3.4611199999999998, 1 ],
                        [ 3.4775039999999997, 4 ],
                        [ 3.4816, 1 ],
                        [ 3.485696, 5 ],
                        [ 3.4938879999999997, 3 ],
                        [ 3.4979839999999998, 1 ],
                        [ 3.50208, 1 ],
                        [ 3.506176, 1 ],
                        [ 3.510272, 1 ],
                        [ 3.5143679999999997, 1 ],
                        [ 3.518464, 2 ],
                        [ 3.52256, 1 ],
                        [ 3.526656, 2 ],
                        [ 3.538944, 1 ],
                        [ 3.54304, 2 ],
                        [ 3.5471359999999996, 1 ],
                        [ 3.555328, 2 ],
                        [ 3.559424, 1 ],
                        [ 3.5676159999999997, 2 ],
                        [ 3.579904, 4 ],
                        [ 3.5839999999999996, 3 ],
                        [ 3.596288, 1 ],
                        [ 3.600384, 1 ],
                        [ 3.6044799999999997, 3 ],
                        [ 3.616768, 3 ],
                        [ 3.6208639999999996, 2 ],
                        [ 3.6249599999999997, 1 ],
                        [ 3.629056, 2 ],
                        [ 3.633152, 2 ],
                        [ 3.637248, 1 ],
                        [ 3.6413439999999997, 2 ],
                        [ 3.64544, 4 ],
                        [ 3.653632, 1 ],
                        [ 3.6577279999999996, 1 ],
                        [ 3.6618239999999997, 1 ],
                        [ 3.66592, 1 ],
                        [ 3.674112, 1 ],
                        [ 3.6782079999999997, 2 ],
                        [ 3.682304, 2 ],
                        [ 3.6864, 1 ],
                        [ 3.690496, 3 ],
                        [ 3.6945919999999997, 3 ],
                        [ 3.6986879999999998, 2 ],
                        [ 3.702784, 1 ],
                        [ 3.70688, 2 ],
                        [ 3.710976, 1 ],
                        [ 3.719168, 1 ],
                        [ 3.723264, 2 ],
                        [ 3.72736, 2 ],
                        [ 3.7355519999999998, 1 ],
                        [ 3.739648, 3 ],
                        [ 3.7478399999999996, 2 ],
                        [ 3.7519359999999997, 1 ],
                        [ 3.756032, 2 ],
                        [ 3.760128, 1 ],
                        [ 3.7683199999999997, 1 ],
                        [ 3.7724159999999998, 1 ],
                        [ 3.776512, 3 ],
                        [ 3.780608, 2 ],
                        [ 3.7847039999999996, 2 ],
                        [ 3.7887999999999997, 2 ],
                        [ 3.796992, 2 ],
                        [ 3.801088, 2 ],
                        [ 3.8051839999999997, 1 ],
                        [ 3.813376, 3 ],
                        [ 3.8215679999999996, 1 ],
                        [ 3.8256639999999997, 1 ],
                        [ 3.837952, 1 ],
                        [ 3.8420479999999997, 1 ],
                        [ 3.85024, 1 ],
                        [ 3.854336, 2 ],
                        [ 3.8584319999999996, 4 ],
                        [ 3.8625279999999997, 2 ],
                        [ 3.87072, 3 ],
                        [ 3.874816, 1 ],
                        [ 3.8789119999999997, 2 ],
                        [ 3.887104, 1 ],
                        [ 3.8912, 1 ],
                        [ 3.8952959999999996, 1 ],
                        [ 3.903488, 1 ],
                        [ 3.907584, 2 ],
                        [ 3.919872, 1 ],
                        [ 3.928064, 3 ],
                        [ 3.9362559999999998, 1 ],
                        [ 3.940352, 2 ],
                        [ 3.944448, 1 ],
                        [ 3.9485439999999996, 1 ],
                        [ 3.960832, 3 ],
                        [ 3.964928, 3 ],
                        [ 3.9731199999999998, 3 ],
                        [ 3.9936, 2 ],
                        [ 3.997696, 2 ],
                        [ 4.001792, 3 ],
                        [ 4.005888, 1 ],
                        [ 4.01408, 1 ],
                        [ 4.0181759999999995, 1 ],
                        [ 4.022272, 1 ],
                        [ 4.026368, 1 ],
                        [ 4.03456, 1 ],
                        [ 4.038656, 1 ],
                        [ 4.042752, 1 ],
                        [ 4.046848, 2 ],
                        [ 4.050943999999999, 2 ],
                        [ 4.05504, 1 ],
                        [ 4.059136, 1 ],
                        [ 4.063232, 1 ],
                        [ 4.067328, 3 ],
                        [ 4.0714239999999995, 2 ],
                        [ 4.0919039999999995, 1 ],
                        [ 4.100096, 5 ],
                        [ 4.104191999999999, 2 ],
                        [ 4.108288, 1 ],
                        [ 4.112384, 3 ],
                        [ 4.11648, 1 ],
                        [ 4.1246719999999994, 1 ],
                        [ 4.132864, 2 ],
                        [ 4.13696, 1 ],
                        [ 4.1451519999999995, 1 ],
                        [ 4.153344, 2 ],
                        [ 4.161536, 1 ],
                        [ 4.165632, 1 ],
                        [ 4.169728, 2 ],
                        [ 4.186112, 1 ],
                        [ 4.202496, 1 ],
                        [ 4.210688, 1 ],
                        [ 4.2188799999999995, 1 ],
                        [ 4.227072, 2 ],
                        [ 4.235264, 4 ],
                        [ 4.251647999999999, 2 ],
                        [ 4.25984, 2 ],
                        [ 4.268032, 1 ],
                        [ 4.284416, 3 ],
                        [ 4.2926079999999995, 1 ],
                        [ 4.308992, 2 ],
                        [ 4.325375999999999, 1 ],
                        [ 4.333568, 1 ],
                        [ 4.34176, 2 ],
                        [ 4.358144, 3 ],
                        [ 4.3663359999999996, 2 ],
                        [ 4.374528, 4 ],
                        [ 4.390912, 1 ],
                        [ 4.407296, 3 ],
                        [ 4.415488, 4 ],
                        [ 4.42368, 2 ],
                        [ 4.431871999999999, 1 ],
                        [ 4.440064, 1 ],
                        [ 4.448256, 2 ],
                        [ 4.456448, 3 ],
                        [ 4.46464, 3 ],
                        [ 4.4728319999999995, 3 ],
                        [ 4.481024, 1 ],
                        [ 4.489216, 1 ],
                        [ 4.497408, 1 ],
                        [ 4.505599999999999, 2 ],
                        [ 4.513792, 1 ],
                        [ 4.521984, 2 ],
                        [ 4.538368, 3 ],
                        [ 4.5465599999999995, 5 ],
                        [ 4.562944, 3 ],
                        [ 4.579327999999999, 1 ],
                        [ 4.58752, 4 ],
                        [ 4.595712, 1 ],
                        [ 4.603904, 1 ],
                        [ 4.612096, 2 ],
                        [ 4.6202879999999995, 1 ],
                        [ 4.62848, 1 ],
                        [ 4.636672, 1 ],
                        [ 4.644864, 1 ],
                        [ 4.653055999999999, 3 ],
                        [ 4.661248, 1 ],
                        [ 4.66944, 1 ],
                        [ 4.677632, 4 ],
                        [ 4.685824, 1 ],
                        [ 4.702208, 4 ],
                        [ 4.718592, 2 ],
                        [ 4.726783999999999, 1 ],
                        [ 4.734976, 3 ],
                        [ 4.743168, 2 ],
                        [ 4.759552, 2 ],
                        [ 4.7677439999999995, 3 ],
                        [ 4.784128, 1 ],
                        [ 4.79232, 3 ],
                        [ 4.8005119999999994, 3 ],
                        [ 4.808704, 3 ],
                        [ 4.816896, 2 ],
                        [ 4.825088, 1 ],
                        [ 4.8414719999999996, 2 ],
                        [ 4.849664, 1 ],
                        [ 4.857856, 3 ],
                        [ 4.866048, 1 ],
                        [ 4.8742399999999995, 4 ],
                        [ 4.882432, 2 ],
                        [ 4.890624, 1 ],
                        [ 4.898816, 1 ],
                        [ 4.907007999999999, 4 ],
                        [ 4.9152, 1 ],
                        [ 4.923392, 1 ],
                        [ 4.931584, 4 ],
                        [ 4.939776, 2 ],
                        [ 4.964352, 2 ],
                        [ 4.972544, 2 ],
                        [ 4.980735999999999, 1 ],
                        [ 4.988928, 2 ],
                        [ 4.99712, 1 ],
                        [ 5.0216959999999995, 2 ],
                        [ 5.029888, 1 ],
                        [ 5.03808, 1 ],
                        [ 5.046272, 1 ],
                        [ 5.054463999999999, 1 ],
                        [ 5.062656, 1 ],
                        [ 5.070848, 1 ],
                        [ 5.07904, 1 ],
                        [ 5.087232, 1 ],
                        [ 5.0954239999999995, 2 ],
                        [ 5.103616, 2 ],
                        [ 5.12, 2 ],
                        [ 5.136384, 2 ],
                        [ 5.160959999999999, 3 ],
                        [ 5.1691519999999995, 4 ],
                        [ 5.177344, 2 ],
                        [ 5.193728, 1 ],
                        [ 5.201919999999999, 1 ],
                        [ 5.210112, 1 ],
                        [ 5.218304, 1 ],
                        [ 5.226496, 1 ],
                        [ 5.2428799999999995, 2 ],
                        [ 5.251072, 1 ],
                        [ 5.259264, 2 ],
                        [ 5.267456, 1 ],
                        [ 5.2756479999999994, 1 ],
                        [ 5.28384, 2 ],
                        [ 5.292032, 1 ],
                        [ 5.300224, 1 ],
                        [ 5.308415999999999, 4 ],
                        [ 5.316608, 2 ],
                        [ 5.3248, 3 ],
                        [ 5.332992, 1 ],
                        [ 5.341184, 2 ],
                        [ 5.357568, 1 ],
                        [ 5.373952, 2 ],
                        [ 5.390336, 1 ],
                        [ 5.4231039999999995, 2 ],
                        [ 5.439488, 1 ],
                        [ 5.44768, 2 ],
                        [ 5.464064, 1 ],
                        [ 5.472256, 1 ],
                        [ 5.48864, 4 ],
                        [ 5.4968319999999995, 2 ],
                        [ 5.513216, 2 ],
                        [ 5.521408, 1 ],
                        [ 5.529599999999999, 1 ],
                        [ 5.545984, 1 ],
                        [ 5.554176, 2 ],
                        [ 5.5705599999999995, 1 ],
                        [ 5.586944, 3 ],
                        [ 5.603327999999999, 1 ],
                        [ 5.619712, 3 ],
                        [ 5.627904, 3 ],
                        [ 5.636095999999999, 1 ],
                        [ 5.65248, 2 ],
                        [ 5.660672, 1 ],
                        [ 5.668864, 1 ],
                        [ 5.677055999999999, 1 ],
                        [ 5.69344, 1 ],
                        [ 5.701632, 2 ],
                        [ 5.709823999999999, 1 ],
                        [ 5.7180159999999995, 1 ],
                        [ 5.726208, 1 ],
                        [ 5.7344, 3 ],
                        [ 5.742592, 1 ],
                        [ 5.7507839999999995, 1 ],
                        [ 5.767168, 1 ],
                        [ 5.77536, 2 ],
                        [ 5.799936, 2 ],
                        [ 5.808128, 1 ],
                        [ 5.8245119999999995, 2 ],
                        [ 5.832704, 2 ],
                        [ 5.840896, 1 ],
                        [ 5.849088, 3 ],
                        [ 5.857279999999999, 1 ],
                        [ 5.865472, 1 ],
                        [ 5.873664, 1 ],
                        [ 5.890048, 1 ],
                        [ 5.8982399999999995, 1 ],
                        [ 5.906432, 1 ],
                        [ 5.914624, 2 ],
                        [ 5.922816, 1 ],
                        [ 5.9392, 1 ],
                        [ 5.955584, 1 ],
                        [ 5.98016, 3 ],
                        [ 5.988352, 2 ],
                        [ 5.996544, 1 ],
                        [ 6.004735999999999, 1 ],
                        [ 6.012928, 1 ],
                        [ 6.029312, 2 ],
                        [ 6.037503999999999, 2 ],
                        [ 6.053888, 1 ],
                        [ 6.06208, 1 ],
                        [ 6.086656, 2 ],
                        [ 6.094848, 1 ],
                        [ 6.10304, 2 ],
                        [ 6.127616, 1 ],
                        [ 6.135808, 1 ],
                        [ 6.144, 1 ],
                        [ 6.152191999999999, 1 ],
                        [ 6.160384, 2 ],
                        [ 6.201344, 1 ],
                        [ 6.209536, 3 ],
                        [ 6.217728, 2 ],
                        [ 6.234112, 1 ],
                        [ 6.242304, 1 ],
                        [ 6.250496, 1 ],
                        [ 6.291456, 1 ],
                        [ 6.2996479999999995, 1 ],
                        [ 6.324224, 2 ],
                        [ 6.365183999999999, 1 ],
                        [ 6.406143999999999, 1 ],
                        [ 6.414336, 1 ],
                        [ 6.422528, 1 ],
                        [ 6.438911999999999, 1 ],
                        [ 6.463488, 1 ],
                        [ 6.504448, 1 ],
                        [ 6.512639999999999, 1 ],
                        [ 6.537216, 1 ],
                        [ 6.553599999999999, 2 ],
                        [ 6.561792, 1 ],
                        [ 6.569984, 2 ],
                        [ 6.578176, 2 ],
                        [ 6.5945599999999995, 1 ],
                        [ 6.602752, 1 ],
                        [ 6.643712, 1 ],
                        [ 6.651904, 1 ],
                        [ 6.660095999999999, 1 ],
                        [ 6.6682879999999995, 1 ],
                        [ 6.684672, 2 ],
                        [ 6.71744, 1 ],
                        [ 6.742016, 1 ],
                        [ 6.7584, 1 ],
                        [ 6.7747839999999995, 1 ],
                        [ 6.79936, 1 ],
                        [ 6.807551999999999, 1 ],
                        [ 6.815744, 3 ],
                        [ 6.823936, 3 ],
                        [ 6.856704, 1 ],
                        [ 6.864896, 1 ],
                        [ 6.873088, 1 ],
                        [ 6.905856, 2 ],
                        [ 6.914047999999999, 1 ],
                        [ 6.9222399999999995, 1 ],
                        [ 6.930432, 1 ],
                        [ 6.946816, 1 ],
                        [ 6.971392, 1 ],
                        [ 6.979584, 1 ],
                        [ 6.987775999999999, 1 ],
                        [ 7.028735999999999, 2 ],
                        [ 7.061503999999999, 2 ],
                        [ 7.077888, 1 ],
                        [ 7.12704, 1 ],
                        [ 7.135231999999999, 1 ],
                        [ 7.1434239999999996, 1 ],
                        [ 7.159808, 1 ],
                        [ 7.1761919999999995, 2 ],
                        [ 7.192576, 1 ],
                        [ 7.233536, 1 ],
                        [ 7.2499199999999995, 1 ],
                        [ 7.266304, 1 ],
                        [ 7.29088, 1 ],
                        [ 7.307264, 1 ],
                        [ 7.315455999999999, 1 ],
                        [ 7.33184, 1 ],
                        [ 7.356415999999999, 1 ],
                        [ 7.364608, 1 ],
                        [ 7.3973759999999995, 1 ],
                        [ 7.421952, 1 ],
                        [ 7.520256, 3 ],
                        [ 7.553024, 1 ],
                        [ 7.569407999999999, 1 ],
                        [ 7.5775999999999994, 2 ],
                        [ 7.593984, 1 ],
                        [ 7.626752, 1 ],
                        [ 7.6513279999999995, 1 ],
                        [ 7.684095999999999, 1 ],
                        [ 7.70048, 1 ],
                        [ 7.733248, 1 ],
                        [ 7.74144, 1 ],
                        [ 7.749632, 1 ],
                        [ 7.757823999999999, 3 ],
                        [ 7.766016, 1 ],
                        [ 7.7987839999999995, 2 ],
                        [ 7.823359999999999, 1 ],
                        [ 7.831551999999999, 2 ],
                        [ 7.847936, 1 ],
                        [ 7.864319999999999, 1 ],
                        [ 7.880704, 1 ],
                        [ 7.888896, 1 ],
                        [ 7.913472, 1 ],
                        [ 7.921664, 1 ],
                        [ 7.938047999999999, 2 ],
                        [ 7.9462399999999995, 2 ],
                        [ 7.962624, 1 ],
                        [ 8.019968, 1 ],
                        [ 8.085504, 1 ],
                        [ 8.093696, 1 ],
                        [ 8.192, 1 ],
                        [ 8.200192, 1 ],
                        [ 8.241152, 3 ],
                        [ 8.265728, 1 ],
                        [ 8.298496, 1 ],
                        [ 8.306688, 1 ],
                        [ 8.31488, 2 ],
                        [ 8.339456, 1 ],
                        [ 8.372224, 1 ],
                        [ 8.421376, 1 ],
                        [ 8.454144, 1 ],
                        [ 8.486912, 1 ],
                        [ 8.51968, 1 ],
                        [ 8.568832, 1 ],
                        [ 8.585215999999999, 1 ],
                        [ 8.6016, 1 ],
                        [ 8.617984, 1 ],
                        [ 8.650751999999999, 1 ],
                        [ 8.716288, 2 ],
                        [ 8.732671999999999, 1 ],
                        [ 8.749056, 1 ],
                        [ 8.76544, 2 ],
                        [ 8.781824, 1 ],
                        [ 8.814592, 1 ],
                        [ 8.830976, 1 ],
                        [ 8.84736, 1 ],
                        [ 8.863743999999999, 1 ],
                        [ 8.945663999999999, 1 ],
                        [ 8.978432, 1 ],
                        [ 8.994816, 1 ],
                        [ 9.027584, 1 ],
                        [ 9.043968, 1 ],
                        [ 9.076736, 2 ],
                        [ 9.17504, 1 ],
                        [ 9.25696, 1 ],
                        [ 9.306111999999999, 1 ],
                        [ 9.322496, 1 ],
                        [ 9.371648, 1 ],
                        [ 9.437184, 1 ],
                        [ 9.469952, 1 ],
                        [ 9.486336, 1 ],
                        [ 9.519104, 1 ],
                        [ 9.535487999999999, 1 ],
                        [ 9.551872, 1 ],
                        [ 9.601023999999999, 1 ],
                        [ 9.617408, 1 ],
                        [ 9.699328, 1 ],
                        [ 9.797632, 1 ],
                        [ 9.814015999999999, 1 ],
                        [ 9.879552, 1 ],
                        [ 9.961471999999999, 3 ],
                        [ 9.99424, 1 ],
                        [ 10.07616, 1 ],
                        [ 10.092544, 1 ],
                        [ 10.190847999999999, 1 ],
                        [ 10.24, 1 ],
                        [ 10.371072, 1 ],
                        [ 10.403839999999999, 1 ],
                        [ 10.436608, 1 ],
                        [ 10.452992, 1 ],
                        [ 10.469375999999999, 1 ],
                        [ 10.518528, 1 ],
                        [ 10.551295999999999, 1 ],
                        [ 10.584064, 1 ],
                        [ 10.6496, 1 ],
                        [ 10.682368, 1 ],
                        [ 10.698751999999999, 1 ],
                        [ 10.780672, 1 ],
                        [ 10.944512, 1 ],
                        [ 10.993663999999999, 2 ],
                        [ 11.010048, 1 ],
                        [ 11.026432, 2 ],
                        [ 11.091968, 1 ],
                        [ 11.124735999999999, 1 ],
                        [ 11.173888, 1 ],
                        [ 11.321344, 1 ],
                        [ 11.452416, 1 ],
                        [ 11.649023999999999, 1 ],
                        [ 11.714559999999999, 1 ],
                        [ 11.747328, 1 ],
                        [ 11.862015999999999, 1 ],
                        [ 11.8784, 1 ],
                        [ 11.943935999999999, 1 ],
                        [ 12.009471999999999, 1 ],
                        [ 12.107776, 2 ],
                        [ 12.140544, 1 ],
                        [ 12.156927999999999, 1 ],
                        [ 12.173312, 1 ],
                        [ 12.271616, 1 ],
                        [ 12.288, 1 ],
                        [ 12.304383999999999, 1 ],
                        [ 12.386303999999999, 1 ],
                        [ 12.53376, 1 ],
                        [ 12.632064, 1 ],
                        [ 12.6976, 1 ],
                        [ 12.877823999999999, 1 ],
                        [ 12.94336, 1 ],
                        [ 13.025279999999999, 1 ],
                        [ 13.074432, 1 ],
                        [ 13.303808, 1 ],
                        [ 13.320191999999999, 1 ],
                        [ 13.451264, 1 ],
                        [ 13.549567999999999, 1 ],
                        [ 13.647872, 1 ],
                        [ 13.664256, 1 ],
                        [ 13.778944, 1 ],
                        [ 13.877248, 1 ],
                        [ 13.942784, 1 ],
                        [ 14.024704, 1 ],
                        [ 14.041088, 1 ],
                        [ 14.17216, 1 ],
                        [ 14.221312, 1 ],
                        [ 14.303232, 1 ],
                        [ 14.352383999999999, 2 ],
                        [ 14.401536, 1 ],
                        [ 14.499839999999999, 1 ],
                        [ 14.516224, 1 ],
                        [ 14.696448, 1 ],
                        [ 14.729216, 1 ],
                        [ 14.778367999999999, 1 ],
                        [ 14.974976, 1 ],
                        [ 14.991359999999998, 1 ],
                        [ 15.056896, 1 ],
                        [ 15.187968, 1 ],
                        [ 15.351808, 1 ],
                        [ 15.515647999999999, 1 ],
                        [ 16.05632, 1 ],
                        [ 16.187392, 1 ],
                        [ 16.498687999999998, 1 ],
                        [ 16.728064, 1 ],
                        [ 17.03936, 1 ],
                        [ 17.235968, 2 ],
                        [ 17.793024, 1 ],
                        [ 20.31616, 1 ],
                        [ 23.592959999999998, 1 ],
                        [ 23.691264, 1 ],
                        [ 24.608767999999998, 1 ],
                        [ 25.690112, 1 ],
                        [ 28.606464, 1 ],
                        [ 31.260672, 1 ],
                        [ 36.175872, 1 ],
                        [ 37.6832, 1 ],
                        [ 39.256063999999995, 1 ],
                        [ 56.36096, 1 ],
                        [ 56.557567999999996, 1 ],
                        [ 69.46816, 1 ],
                        [ 72.876032, 2 ],
                        [ 79.29856, 1 ],
                        [ 81.788928, 1 ],
                        [ 86.76966399999999, 1 ],
                        [ 91.09504, 1 ],
                        [ 94.89612799999999, 1 ],
                        [ 101.84294399999999, 1 ],
                        [ 106.03724799999999, 1 ],
                        [ 119.013376, 1 ],
                        [ 130.678784, 1 ],
                        [ 137.36345599999999, 1 ],
                        [ 138.93632, 1 ],
                        [ 148.373504, 1 ],
                        [ 157.810688, 1 ],
                        [ 162.267136, 1 ],
                        [ 181.403648, 1 ],
                        [ 193.46227199999998, 1 ],
                        [ 202.113024, 1 ],
                        [ 204.47232, 1 ],
                        [ 213.909504, 1 ],
                        [ 296.22272, 1 ],
                        [ 310.378496, 1 ],
                        [ 471.8592, 1 ]
                    ]
                ]
            ]
        },
        "secondaryMetrics" : {
            "+misc.totalRu" : {
                "score" : 254347.0,
                "scoreError" : "NaN",
                "scoreConfidence" : [
                    254347.0,
                    254347.0
                ],
                "scorePercentiles" : {
                    "0.0" : 254347.0,
                    "50.0" : 254347.0,
                    "90.0" : 254347.0,
                    "95.0" : 254347.0,
                    "99.0" : 254347.0,
                    "99.9" : 254347.0,
                    "99.99" : 254347.0,
                    "99.999" : 254347.0,
                    "99.9999" : 254347.0,
                    "100.0" : 254347.0
                },
                "scoreUnit" : "ru/s",
                "rawData" : [
                    [
                        254347.0
                    ]
                ]
            },
            "lookupRoutingSingle·p0.00" : {
                "score" : 0.743424,
                "scoreError" : "NaN",
                "scoreConfidence" : [
                    "NaN",
                    "NaN"
                ],
                "scorePercentiles" : {
                    "0.0" : 0.743424,
                    "50.0" : 0.743424,
                    "90.0" : 0.743424,
                    "95.0" : 0.743424,
                    "99.0" : 0.743424,
                    "99.9" : 0.743424,
                    "99.99" : 0.743424,
                    "99.999" : 0.743424,
                    "99.9999" : 0.743424,
                    "100.0" : 0.743424
                },
                "scoreUnit" : "ms/op",
                "rawData" : [
                    [
                        0.743424
                    ]
                ]
            },
            "lookupRoutingSingle·p0.50" : {
                "score" : 1.316864,
                "scoreError" : "NaN",
                "scoreConfidence" : [
                    "NaN",
                    "NaN"
                ],
                "scorePercentiles" : {
                    "0.0" : 1.316864,
                    "50.0" : 1.316864,
                    "90.0" : 1.316864,
                    "95.0" : 1.316864,
                    "99.0" : 1.316864,
                    "99.9" : 1.316864,
                    "99.99" : 1.316864,
                    "99.999" : 1.316864,
                    "99.9999" : 1.316864,
                    "100.0" : 1.316864
                },
                "scoreUnit" : "ms/op",
                "rawData" : [
                    [
                        1.316864
                    ]
                ]
            },
            "lookupRoutingSingle·p0.90" : {
                "score" : 1.5749119999999999,
                "scoreError" : "NaN",
                "scoreConfidence" : [
                    "NaN",
                    "NaN"
                ],
                "scorePercentiles" : {
                    "0.0" : 1.5749119999999999,
                    "50.0" : 1.5749119999999999,
                    "90.0" : 1.5749119999999999,
                    "95.0" : 1.5749119999999999,
                    "99.0" : 1.5749119999999999,
                    "99.9" : 1.5749119999999999,
                    "99.99" : 1.5749119999999999,
                    "99.999" : 1.5749119999999999,
                    "99.9999" : 1.5749119999999999,
                    "100.0" : 1.5749119999999999
                },
                "scoreUnit" : "ms/op",
                "rawData" : [
                    [
                        1.5749119999999999
                    ]
                ]
            },
            "lookupRoutingSingle·p0.95" : {
                "score" : 1.6670719999999999,
                "scoreError" : "NaN",
                "scoreConfidence" : [
                    "NaN",
                    "NaN"
                ],
                "scorePercentiles" : {
                    "0.0" : 1.6670719999999999,
                    "50.0" : 1.6670719999999999,
                    "90.0" : 1.6670719999999999,
                    "95.0" : 1.6670719999999999,
                    "99.0" : 1.6670719999999999,
                    "99.9" : 1.6670719999999999,
                    "99.99" : 1.6670719999999999,
                    "99.999" : 1.6670719999999999,
                    "99.9999" : 1.6670719999999999,
                    "100.0" : 1.6670719999999999
                },
                "scoreUnit" : "ms/op",
                "rawData" : [
                    [
                        1.6670719999999999
                    ]
                ]
            },
            "lookupRoutingSingle·p0.99" : {
                "score" : 2.000896,
                "scoreError" : "NaN",
                "scoreConfidence" : [
                    "NaN",
                    "NaN"
                ],
                "scorePercentiles" : {
                    "0.0" : 2.000896,
                    "50.0" : 2.000896,
                    "90.0" : 2.000896,
                    "95.0" : 2.000896,
                    "99.0" : 2.000896,
                    "99.9" : 2.000896,
                    "99.99" : 2.000896,
                    "99.999" : 2.000896,
                    "99.9999" : 2.000896,
                    "100.0" : 2.000896
                },
                "scoreUnit" : "ms/op",
                "rawData" : [
                    [
                        2.000896
                    ]
                ]
            },
            "lookupRoutingSingle·p0.999" : {
                "score" : 7.557693440000056,
                "scoreError" : "NaN",
                "scoreConfidence" : [
                    "NaN",
                    "NaN"
                ],
                "scorePercentiles" : {
                    "0.0" : 7.557693440000056,
                    "50.0" : 7.557693440000056,
                    "90.0" : 7.557693440000056,
                    "95.0" : 7.557693440000056,
                    "99.0" : 7.557693440000056,
                    "99.9" : 7.557693440000056,
                    "99.99" : 7.557693440000056,
                    "99.999" : 7.557693440000056,
                    "99.9999" : 7.557693440000056,
                    "100.0" : 7.557693440000056
                },
                "scoreUnit" : "ms/op",
                "rawData" : [
                    [
                        7.557693440000056
                    ]
                ]
            },
            "lookupRoutingSingle·p0.9999" : {
                "score" : 79.86760908792114,
                "scoreError" : "NaN",
                "scoreConfidence" : [
                    "NaN",
                    "NaN"
                ],
                "scorePercentiles" : {
                    "0.0" : 79.86760908792114,
                    "50.0" : 79.86760908792114,
                    "90.0" : 79.86760908792114,
                    "95.0" : 79.86760908792114,
                    "99.0" : 79.86760908792114,
                    "99.9" : 79.86760908792114,
                    "99.99" : 79.86760908792114,
                    "99.999" : 79.86760908792114,
                    "99.9999" : 79.86760908792114,
                    "100.0" : 79.86760908792114
                },
                "scoreUnit" : "ms/op",
                "rawData" : [
                    [
                        79.86760908792114
                    ]
                ]
            },
            "lookupRoutingSingle·p1.00" : {
                "score" : 471.8592,
                "scoreError" : "NaN",
                "scoreConfidence" : [
                    "NaN",
                    "NaN"
                ],
                "scorePercentiles" : {
                    "0.0" : 471.8592,
                    "50.0" : 471.8592,
                    "90.0" : 471.8592,
                    "95.0" : 471.8592,
                    "99.0" : 471.8592,
                    "99.9" : 471.8592,
                    "99.99" : 471.8592,
                    "99.999" : 471.8592,
                    "99.9999" : 471.8592,
                    "100.0" : 471.8592
                },
                "scoreUnit" : "ms/op",
                "rawData" : [
                    [
                        471.8592
                    ]
                ]
            }
        }
    }
]


